Date,High,Low,Open,Close,Volume,Adj Close
2009-01-02,29853.658203125,29853.658203125,29853.658203125,29853.658203125,0.0,29853.658203125
2009-01-05,29853.658203125,29853.658203125,29853.658203125,29853.658203125,0.0,29853.658203125
2009-01-06,29853.658203125,29853.658203125,29853.658203125,29853.658203125,0.0,29853.658203125
2009-01-07,29853.658203125,29853.658203125,29853.658203125,29853.658203125,0.0,29853.658203125
2009-01-08,29853.658203125,29853.658203125,29853.658203125,29853.658203125,0.0,29853.658203125
2009-01-09,29853.658203125,29853.658203125,29853.658203125,29853.658203125,0.0,29853.658203125
2009-01-12,29853.658203125,29853.658203125,29853.658203125,29853.658203125,0.0,29853.658203125
2009-01-13,29853.658203125,29853.658203125,29853.658203125,29853.658203125,0.0,29853.658203125
2009-01-14,29853.658203125,29853.658203125,29853.658203125,29853.658203125,0.0,29853.658203125
2009-01-15,29853.658203125,29853.658203125,29853.658203125,29853.658203125,0.0,29853.658203125
2009-01-16,29853.658203125,29853.658203125,29853.658203125,29853.658203125,0.0,29853.658203125
2009-01-20,29853.658203125,29853.658203125,29853.658203125,29853.658203125,0.0,29853.658203125
2009-01-21,29853.658203125,29853.658203125,29853.658203125,29853.658203125,0.0,29853.658203125
2009-01-22,29853.658203125,29853.658203125,29853.658203125,29853.658203125,0.0,29853.658203125
2009-01-23,29853.658203125,29853.658203125,29853.658203125,29853.658203125,0.0,29853.658203125
2009-01-26,29853.658203125,29853.658203125,29853.658203125,29853.658203125,0.0,29853.658203125
2009-01-27,29853.658203125,29853.658203125,29853.658203125,29853.658203125,0.0,29853.658203125
2009-01-28,29853.658203125,29853.658203125,29853.658203125,29853.658203125,0.0,29853.658203125
2009-01-29,29853.658203125,29853.658203125,29853.658203125,29853.658203125,0.0,29853.658203125
2009-01-30,29853.658203125,29853.658203125,29853.658203125,29853.658203125,0.0,29853.658203125
2009-02-02,29853.658203125,29853.658203125,29853.658203125,29853.658203125,0.0,29853.658203125
2009-02-03,29853.658203125,29853.658203125,29853.658203125,29853.658203125,0.0,29853.658203125
2009-02-04,29853.658203125,29853.658203125,29853.658203125,29853.658203125,0.0,29853.658203125
2009-02-05,29853.658203125,29853.658203125,29853.658203125,29853.658203125,0.0,29853.658203125
2009-02-06,29853.658203125,29853.658203125,29853.658203125,29853.658203125,0.0,29853.658203125
2009-02-09,29853.658203125,29853.658203125,29853.658203125,29853.658203125,0.0,29853.658203125
2009-02-10,29853.658203125,29853.658203125,29853.658203125,29853.658203125,0.0,29853.658203125
2009-02-11,29853.658203125,29853.658203125,29853.658203125,29853.658203125,0.0,29853.658203125
2009-02-12,29853.658203125,29853.658203125,29853.658203125,29853.658203125,0.0,29853.658203125
2009-02-13,29853.658203125,29853.658203125,29853.658203125,29853.658203125,0.0,29853.658203125
2009-02-17,29853.658203125,29853.658203125,29853.658203125,29853.658203125,0.0,29853.658203125
2009-02-18,29853.658203125,29853.658203125,29853.658203125,29853.658203125,0.0,29853.658203125
2009-02-19,29853.658203125,29853.658203125,29853.658203125,29853.658203125,0.0,29853.658203125
2009-02-20,29853.658203125,29853.658203125,29853.658203125,29853.658203125,0.0,29853.658203125
2009-02-23,29853.658203125,29853.658203125,29853.658203125,29853.658203125,0.0,29853.658203125
2009-02-24,29853.658203125,29853.658203125,29853.658203125,29853.658203125,0.0,29853.658203125
2009-02-25,29853.658203125,29853.658203125,29853.658203125,29853.658203125,0.0,29853.658203125
2009-02-26,29853.658203125,29853.658203125,29853.658203125,29853.658203125,0.0,29853.658203125
2009-02-27,29853.658203125,29853.658203125,29853.658203125,29853.658203125,0.0,29853.658203125
2009-03-02,29853.658203125,29853.658203125,29853.658203125,29853.658203125,0.0,29853.658203125
2009-03-03,29853.658203125,29853.658203125,29853.658203125,29853.658203125,0.0,29853.658203125
2009-03-04,29853.658203125,29853.658203125,29853.658203125,29853.658203125,0.0,29853.658203125
2009-03-05,29853.658203125,29853.658203125,29853.658203125,29853.658203125,0.0,29853.658203125
2009-03-06,29853.658203125,29853.658203125,29853.658203125,29853.658203125,0.0,29853.658203125
2009-03-09,29853.658203125,29853.658203125,29853.658203125,29853.658203125,0.0,29853.658203125
2009-03-10,29853.658203125,29853.658203125,29853.658203125,29853.658203125,0.0,29853.658203125
2009-03-11,29853.658203125,29853.658203125,29853.658203125,29853.658203125,0.0,29853.658203125
2009-03-12,29853.658203125,29853.658203125,29853.658203125,29853.658203125,0.0,29853.658203125
2009-03-13,29853.658203125,29853.658203125,29853.658203125,29853.658203125,0.0,29853.658203125
2009-03-16,29853.658203125,29853.658203125,29853.658203125,29853.658203125,0.0,29853.658203125
2009-03-17,29853.658203125,29853.658203125,29853.658203125,29853.658203125,0.0,29853.658203125
2009-03-18,29853.658203125,29853.658203125,29853.658203125,29853.658203125,0.0,29853.658203125
2009-03-19,29853.658203125,29853.658203125,29853.658203125,29853.658203125,0.0,29853.658203125
2009-03-20,29853.658203125,29853.658203125,29853.658203125,29853.658203125,0.0,29853.658203125
2009-03-23,29853.658203125,29853.658203125,29853.658203125,29853.658203125,0.0,29853.658203125
2009-03-24,29853.658203125,29853.658203125,29853.658203125,29853.658203125,0.0,29853.658203125
2009-03-25,29853.658203125,29853.658203125,29853.658203125,29853.658203125,0.0,29853.658203125
2009-03-26,29853.658203125,29853.658203125,29853.658203125,29853.658203125,0.0,29853.658203125
2009-03-27,29853.658203125,29853.658203125,29853.658203125,29853.658203125,0.0,29853.658203125
2009-03-30,29853.658203125,29853.658203125,29853.658203125,29853.658203125,0.0,29853.658203125
2009-03-31,29853.658203125,29853.658203125,29853.658203125,29853.658203125,0.0,29853.658203125
2009-04-01,29853.658203125,29853.658203125,29853.658203125,29853.658203125,0.0,29853.658203125
2009-04-02,29853.658203125,29853.658203125,29853.658203125,29853.658203125,0.0,29853.658203125
2009-04-03,29853.658203125,29853.658203125,29853.658203125,29853.658203125,0.0,29853.658203125
2009-04-06,29853.658203125,29853.658203125,29853.658203125,29853.658203125,0.0,29853.658203125
2009-04-07,29853.658203125,29853.658203125,29853.658203125,29853.658203125,0.0,29853.658203125
2009-04-08,29853.658203125,29853.658203125,29853.658203125,29853.658203125,0.0,29853.658203125
2009-04-09,29853.658203125,29853.658203125,29853.658203125,29853.658203125,0.0,29853.658203125
2009-04-13,29853.658203125,29853.658203125,29853.658203125,29853.658203125,0.0,29853.658203125
2009-04-14,29853.658203125,29853.658203125,29853.658203125,29853.658203125,0.0,29853.658203125
2009-04-15,29853.658203125,29853.658203125,29853.658203125,29853.658203125,0.0,29853.658203125
2009-04-16,29853.658203125,29853.658203125,29853.658203125,29853.658203125,0.0,29853.658203125
2009-04-17,29853.658203125,29853.658203125,29853.658203125,29853.658203125,0.0,29853.658203125
2009-04-20,29853.658203125,29853.658203125,29853.658203125,29853.658203125,0.0,29853.658203125
2009-04-21,29853.658203125,29853.658203125,29853.658203125,29853.658203125,0.0,29853.658203125
2009-04-22,29853.658203125,29853.658203125,29853.658203125,29853.658203125,0.0,29853.658203125
2009-04-23,29853.658203125,29853.658203125,29853.658203125,29853.658203125,0.0,29853.658203125
2009-04-24,29853.658203125,29853.658203125,29853.658203125,29853.658203125,0.0,29853.658203125
2009-04-27,29853.658203125,29853.658203125,29853.658203125,29853.658203125,0.0,29853.658203125
2009-04-28,29853.658203125,29853.658203125,29853.658203125,29853.658203125,0.0,29853.658203125
2009-04-29,29853.658203125,29853.658203125,29853.658203125,29853.658203125,0.0,29853.658203125
2009-04-30,29853.658203125,29853.658203125,29853.658203125,29853.658203125,0.0,29853.658203125
2009-05-01,29853.658203125,29853.658203125,29853.658203125,29853.658203125,0.0,29853.658203125
2009-05-04,29853.658203125,29853.658203125,29853.658203125,29853.658203125,0.0,29853.658203125
2009-05-05,29853.658203125,29853.658203125,29853.658203125,29853.658203125,0.0,29853.658203125
2009-05-06,29853.658203125,29853.658203125,29853.658203125,29853.658203125,0.0,29853.658203125
2009-05-07,29853.658203125,29853.658203125,29853.658203125,29853.658203125,0.0,29853.658203125
2009-05-08,29853.658203125,29853.658203125,29853.658203125,29853.658203125,0.0,29853.658203125
2009-05-11,29853.658203125,29853.658203125,29853.658203125,29853.658203125,0.0,29853.658203125
2009-05-12,29853.658203125,29853.658203125,29853.658203125,29853.658203125,0.0,29853.658203125
2009-05-13,29853.658203125,29853.658203125,29853.658203125,29853.658203125,0.0,29853.658203125
2009-05-14,29853.658203125,29853.658203125,29853.658203125,29853.658203125,0.0,29853.658203125
2009-05-15,29853.658203125,29853.658203125,29853.658203125,29853.658203125,0.0,29853.658203125
2009-05-18,29853.658203125,29853.658203125,29853.658203125,29853.658203125,0.0,29853.658203125
2009-05-19,8780.48828125,4682.9267578125,4682.9267578125,8780.48828125,0.0,8780.48828125
2009-05-20,29853.658203125,29853.658203125,29853.658203125,29853.658203125,0.0,29853.658203125
2009-05-21,29853.658203125,29853.658203125,29853.658203125,29853.658203125,0.0,29853.658203125
2009-05-22,29853.658203125,29853.658203125,29853.658203125,29853.658203125,0.0,29853.658203125
2009-05-26,29853.658203125,29853.658203125,29853.658203125,29853.658203125,0.0,29853.658203125
2009-05-27,29853.658203125,29853.658203125,29853.658203125,29853.658203125,0.0,29853.658203125
2009-05-28,29853.658203125,29853.658203125,29853.658203125,29853.658203125,0.0,29853.658203125
2009-05-29,29853.658203125,29853.658203125,29853.658203125,29853.658203125,0.0,29853.658203125
2009-06-01,29853.658203125,29853.658203125,29853.658203125,29853.658203125,0.0,29853.658203125
2009-06-02,29853.658203125,29853.658203125,29853.658203125,29853.658203125,0.0,29853.658203125
2009-06-03,29853.658203125,29853.658203125,29853.658203125,29853.658203125,0.0,29853.658203125
2009-06-04,29853.658203125,29853.658203125,29853.658203125,29853.658203125,0.0,29853.658203125
2009-06-05,29853.658203125,29853.658203125,29853.658203125,29853.658203125,0.0,29853.658203125
2009-06-08,29853.658203125,29853.658203125,29853.658203125,29853.658203125,0.0,29853.658203125
2009-06-09,29853.658203125,29853.658203125,29853.658203125,29853.658203125,0.0,29853.658203125
2009-06-10,29853.658203125,29853.658203125,29853.658203125,29853.658203125,0.0,29853.658203125
2009-06-11,29853.658203125,29853.658203125,29853.658203125,29853.658203125,0.0,29853.658203125
2009-06-12,29853.658203125,29853.658203125,29853.658203125,29853.658203125,0.0,29853.658203125
2009-06-15,29853.658203125,29853.658203125,29853.658203125,29853.658203125,0.0,29853.658203125
2009-06-16,29853.658203125,29853.658203125,29853.658203125,29853.658203125,0.0,29853.658203125
2009-06-17,29853.658203125,29853.658203125,29853.658203125,29853.658203125,0.0,29853.658203125
2009-06-18,29853.658203125,29853.658203125,29853.658203125,29853.658203125,0.0,29853.658203125
2009-06-19,29853.658203125,29853.658203125,29853.658203125,29853.658203125,0.0,29853.658203125
2009-06-22,29853.658203125,29853.658203125,29853.658203125,29853.658203125,0.0,29853.658203125
2009-06-23,29853.658203125,29853.658203125,29853.658203125,29853.658203125,0.0,29853.658203125
2009-06-24,29853.658203125,29853.658203125,29853.658203125,29853.658203125,0.0,29853.658203125
2009-06-25,29853.658203125,29853.658203125,29853.658203125,29853.658203125,0.0,29853.658203125
2009-06-26,29853.658203125,29853.658203125,29853.658203125,29853.658203125,0.0,29853.658203125
2009-06-29,29853.658203125,29853.658203125,29853.658203125,29853.658203125,0.0,29853.658203125
2009-06-30,29853.658203125,29853.658203125,29853.658203125,29853.658203125,0.0,29853.658203125
2009-07-01,29853.658203125,29853.658203125,29853.658203125,29853.658203125,0.0,29853.658203125
2009-07-02,29853.658203125,29853.658203125,29853.658203125,29853.658203125,0.0,29853.658203125
2009-07-06,29853.658203125,29853.658203125,29853.658203125,29853.658203125,0.0,29853.658203125
2009-07-07,29853.658203125,29853.658203125,29853.658203125,29853.658203125,0.0,29853.658203125
2009-07-08,29853.658203125,29853.658203125,29853.658203125,29853.658203125,0.0,29853.658203125
2009-07-09,29853.658203125,29853.658203125,29853.658203125,29853.658203125,0.0,29853.658203125
2009-07-10,29853.658203125,29853.658203125,29853.658203125,29853.658203125,0.0,29853.658203125
2009-07-13,29853.658203125,29853.658203125,29853.658203125,29853.658203125,0.0,29853.658203125
2009-07-14,29853.658203125,29853.658203125,29853.658203125,29853.658203125,0.0,29853.658203125
2009-07-15,29853.658203125,29853.658203125,29853.658203125,29853.658203125,0.0,29853.658203125
2009-07-16,29853.658203125,29853.658203125,29853.658203125,29853.658203125,0.0,29853.658203125
2009-07-17,29853.658203125,29853.658203125,29853.658203125,29853.658203125,0.0,29853.658203125
2009-07-20,29853.658203125,29853.658203125,29853.658203125,29853.658203125,0.0,29853.658203125
2009-07-21,29853.658203125,29853.658203125,29853.658203125,29853.658203125,0.0,29853.658203125
2009-07-22,29853.658203125,29853.658203125,29853.658203125,29853.658203125,0.0,29853.658203125
2009-07-23,29853.658203125,29853.658203125,29853.658203125,29853.658203125,0.0,29853.658203125
2009-07-24,29853.658203125,29853.658203125,29853.658203125,29853.658203125,0.0,29853.658203125
2009-07-27,29853.658203125,29853.658203125,29853.658203125,29853.658203125,0.0,29853.658203125
2009-07-28,29853.658203125,29853.658203125,29853.658203125,29853.658203125,0.0,29853.658203125
2009-07-29,29853.658203125,29853.658203125,29853.658203125,29853.658203125,0.0,29853.658203125
2009-07-30,29853.658203125,29853.658203125,29853.658203125,29853.658203125,0.0,29853.658203125
2009-07-31,29853.658203125,29853.658203125,29853.658203125,29853.658203125,0.0,29853.658203125
2009-08-03,29853.658203125,29853.658203125,29853.658203125,29853.658203125,0.0,29853.658203125
2009-08-04,29853.658203125,29853.658203125,29853.658203125,29853.658203125,0.0,29853.658203125
2009-08-05,29853.658203125,29853.658203125,29853.658203125,29853.658203125,0.0,29853.658203125
2009-08-06,29853.658203125,29853.658203125,29853.658203125,29853.658203125,0.0,29853.658203125
2009-08-07,29853.658203125,29853.658203125,29853.658203125,29853.658203125,0.0,29853.658203125
2009-08-10,29853.658203125,29853.658203125,29853.658203125,29853.658203125,0.0,29853.658203125
2009-08-11,29853.658203125,29853.658203125,29853.658203125,29853.658203125,0.0,29853.658203125
2009-08-12,29853.658203125,29853.658203125,29853.658203125,29853.658203125,0.0,29853.658203125
2009-08-13,29853.658203125,29853.658203125,29853.658203125,29853.658203125,0.0,29853.658203125
2009-08-14,29853.658203125,29853.658203125,29853.658203125,29853.658203125,0.0,29853.658203125
2009-08-17,29853.658203125,29853.658203125,29853.658203125,29853.658203125,0.0,29853.658203125
2009-08-18,29853.658203125,29853.658203125,29853.658203125,29853.658203125,0.0,29853.658203125
2009-08-19,29853.658203125,29853.658203125,29853.658203125,29853.658203125,0.0,29853.658203125
2009-08-20,29853.658203125,29853.658203125,29853.658203125,29853.658203125,0.0,29853.658203125
2009-08-21,29853.658203125,29853.658203125,29853.658203125,29853.658203125,0.0,29853.658203125
2009-08-24,29853.658203125,29853.658203125,29853.658203125,29853.658203125,0.0,29853.658203125
2009-08-25,29853.658203125,29853.658203125,29853.658203125,29853.658203125,0.0,29853.658203125
2009-08-26,29853.658203125,29853.658203125,29853.658203125,29853.658203125,0.0,29853.658203125
2009-08-27,29853.658203125,29853.658203125,29853.658203125,29853.658203125,0.0,29853.658203125
2009-08-28,8780.48828125,8780.48828125,8780.48828125,8780.48828125,0.0,8780.48828125
2009-08-31,8780.48828125,8780.48828125,8780.48828125,8780.48828125,0.0,8780.48828125
2009-09-01,8780.48828125,8780.48828125,8780.48828125,8780.48828125,0.0,8780.48828125
2009-09-02,8780.48828125,8780.48828125,8780.48828125,8780.48828125,0.0,8780.48828125
2009-09-03,8780.48828125,8780.48828125,8780.48828125,8780.48828125,0.0,8780.48828125
2009-09-04,29268.29296875,29268.29296875,29268.29296875,29268.29296875,0.0,29268.29296875
2009-09-08,29268.29296875,29268.29296875,29268.29296875,29268.29296875,0.0,29268.29296875
2009-09-09,29268.29296875,29268.29296875,29268.29296875,29268.29296875,0.0,29268.29296875
2009-09-10,29268.29296875,29268.29296875,29268.29296875,29268.29296875,0.0,29268.29296875
2009-09-11,29268.29296875,29268.29296875,29268.29296875,29268.29296875,0.0,29268.29296875
2009-09-14,29268.29296875,29268.29296875,29268.29296875,29268.29296875,0.0,29268.29296875
2009-09-15,29268.29296875,29268.29296875,29268.29296875,29268.29296875,0.0,29268.29296875
2009-09-16,29268.29296875,29268.29296875,29268.29296875,29268.29296875,0.0,29268.29296875
2009-09-17,29268.29296875,29268.29296875,29268.29296875,29268.29296875,0.0,29268.29296875
2009-09-18,29268.29296875,29268.29296875,29268.29296875,29268.29296875,0.0,29268.29296875
2009-09-21,29268.29296875,29268.29296875,29268.29296875,29268.29296875,0.0,29268.29296875
2009-09-22,29268.29296875,29268.29296875,29268.29296875,29268.29296875,0.0,29268.29296875
2009-09-23,29268.29296875,29268.29296875,29268.29296875,29268.29296875,0.0,29268.29296875
2009-09-24,29268.29296875,29268.29296875,29268.29296875,29268.29296875,0.0,29268.29296875
2009-09-25,29268.29296875,29268.29296875,29268.29296875,29268.29296875,0.0,29268.29296875
2009-09-28,29268.29296875,29268.29296875,29268.29296875,29268.29296875,0.0,29268.29296875
2009-09-29,29268.29296875,29268.29296875,29268.29296875,29268.29296875,0.0,29268.29296875
2009-09-30,29268.29296875,29268.29296875,29268.29296875,29268.29296875,0.0,29268.29296875
2009-10-01,29268.29296875,29268.29296875,29268.29296875,29268.29296875,0.0,29268.29296875
2009-10-02,29268.29296875,29268.29296875,29268.29296875,29268.29296875,0.0,29268.29296875
2009-10-05,29268.29296875,29268.29296875,29268.29296875,29268.29296875,0.0,29268.29296875
2009-10-06,29268.29296875,29268.29296875,29268.29296875,29268.29296875,0.0,29268.29296875
2009-10-07,29268.29296875,29268.29296875,29268.29296875,29268.29296875,0.0,29268.29296875
2009-10-08,29268.29296875,29268.29296875,29268.29296875,29268.29296875,0.0,29268.29296875
2009-10-09,29268.29296875,29268.29296875,29268.29296875,29268.29296875,0.0,29268.29296875
2009-10-12,29268.29296875,29268.29296875,29268.29296875,29268.29296875,0.0,29268.29296875
2009-10-13,29268.29296875,29268.29296875,29268.29296875,29268.29296875,0.0,29268.29296875
2009-10-14,29268.29296875,29268.29296875,29268.29296875,29268.29296875,0.0,29268.29296875
2009-10-15,29268.29296875,29268.29296875,29268.29296875,29268.29296875,0.0,29268.29296875
2009-10-16,29268.29296875,29268.29296875,29268.29296875,29268.29296875,0.0,29268.29296875
2009-10-19,29268.29296875,29268.29296875,29268.29296875,29268.29296875,0.0,29268.29296875
2009-10-20,29268.29296875,29268.29296875,29268.29296875,29268.29296875,0.0,29268.29296875
2009-10-21,29268.29296875,29268.29296875,29268.29296875,29268.29296875,0.0,29268.29296875
2009-10-22,29268.29296875,29268.29296875,29268.29296875,29268.29296875,0.0,29268.29296875
2009-10-23,29268.29296875,29268.29296875,29268.29296875,29268.29296875,0.0,29268.29296875
2009-10-26,29268.29296875,29268.29296875,29268.29296875,29268.29296875,0.0,29268.29296875
2009-10-27,29268.29296875,29268.29296875,29268.29296875,29268.29296875,0.0,29268.29296875
2009-10-28,29268.29296875,29268.29296875,29268.29296875,29268.29296875,0.0,29268.29296875
2009-10-29,29268.29296875,29268.29296875,29268.29296875,29268.29296875,0.0,29268.29296875
2009-10-30,29268.29296875,29268.29296875,29268.29296875,29268.29296875,0.0,29268.29296875
2009-11-02,29268.29296875,29268.29296875,29268.29296875,29268.29296875,0.0,29268.29296875
2009-11-03,29268.29296875,29268.29296875,29268.29296875,29268.29296875,0.0,29268.29296875
2009-11-04,29268.29296875,29268.29296875,29268.29296875,29268.29296875,0.0,29268.29296875
2009-11-05,29268.29296875,29268.29296875,29268.29296875,29268.29296875,0.0,29268.29296875
2009-11-06,29268.29296875,29268.29296875,29268.29296875,29268.29296875,0.0,29268.29296875
2009-11-09,29268.29296875,29268.29296875,29268.29296875,29268.29296875,0.0,29268.29296875
2009-11-10,29268.29296875,29268.29296875,29268.29296875,29268.29296875,0.0,29268.29296875
2009-11-11,29268.29296875,29268.29296875,29268.29296875,29268.29296875,0.0,29268.29296875
2009-11-12,29268.29296875,29268.29296875,29268.29296875,29268.29296875,0.0,29268.29296875
2009-11-13,29268.29296875,29268.29296875,29268.29296875,29268.29296875,0.0,29268.29296875
2009-11-16,9365.853515625,9365.853515625,9365.853515625,9365.853515625,0.0,9365.853515625
2009-11-17,9365.853515625,9365.853515625,9365.853515625,9365.853515625,0.0,9365.853515625
2009-11-18,9365.853515625,9365.853515625,9365.853515625,9365.853515625,0.0,9365.853515625
2009-11-19,9365.853515625,9365.853515625,9365.853515625,9365.853515625,0.0,9365.853515625
2009-11-20,9365.853515625,9365.853515625,9365.853515625,9365.853515625,0.0,9365.853515625
2009-11-23,9365.853515625,9365.853515625,9365.853515625,9365.853515625,0.0,9365.853515625
2009-11-24,9365.853515625,9365.853515625,9365.853515625,9365.853515625,0.0,9365.853515625
2009-11-25,9365.853515625,9365.853515625,9365.853515625,9365.853515625,0.0,9365.853515625
2009-11-27,9365.853515625,9365.853515625,9365.853515625,9365.853515625,0.0,9365.853515625
2009-11-30,9365.853515625,9365.853515625,9365.853515625,9365.853515625,0.0,9365.853515625
2009-12-01,9365.853515625,9365.853515625,9365.853515625,9365.853515625,0.0,9365.853515625
2009-12-02,9365.853515625,9365.853515625,9365.853515625,9365.853515625,0.0,9365.853515625
2009-12-03,9365.853515625,9365.853515625,9365.853515625,9365.853515625,0.0,9365.853515625
2009-12-04,9365.853515625,9365.853515625,9365.853515625,9365.853515625,0.0,9365.853515625
2009-12-07,9365.853515625,9365.853515625,9365.853515625,9365.853515625,0.0,9365.853515625
2009-12-08,9365.853515625,9365.853515625,9365.853515625,9365.853515625,0.0,9365.853515625
2009-12-09,9365.853515625,9365.853515625,9365.853515625,9365.853515625,0.0,9365.853515625
2009-12-10,9365.853515625,9365.853515625,9365.853515625,9365.853515625,0.0,9365.853515625
2009-12-11,9365.853515625,9365.853515625,9365.853515625,9365.853515625,0.0,9365.853515625
2009-12-14,9365.853515625,9365.853515625,9365.853515625,9365.853515625,0.0,9365.853515625
2009-12-15,9365.853515625,9365.853515625,9365.853515625,9365.853515625,0.0,9365.853515625
2009-12-16,9365.853515625,9365.853515625,9365.853515625,9365.853515625,0.0,9365.853515625
2009-12-17,9365.853515625,9365.853515625,9365.853515625,9365.853515625,0.0,9365.853515625
2009-12-18,29268.29296875,29268.29296875,29268.29296875,29268.29296875,0.0,29268.29296875
2009-12-21,29268.29296875,29268.29296875,29268.29296875,29268.29296875,0.0,29268.29296875
2009-12-22,29268.29296875,29268.29296875,29268.29296875,29268.29296875,0.0,29268.29296875
2009-12-23,29268.29296875,29268.29296875,29268.29296875,29268.29296875,0.0,29268.29296875
2009-12-24,29268.29296875,29268.29296875,29268.29296875,29268.29296875,0.0,29268.29296875
2009-12-28,29268.29296875,29268.29296875,29268.29296875,29268.29296875,0.0,29268.29296875
2009-12-29,29268.29296875,29268.29296875,29268.29296875,29268.29296875,0.0,29268.29296875
2009-12-30,29268.29296875,29268.29296875,29268.29296875,29268.29296875,0.0,29268.29296875
2009-12-31,29268.29296875,29268.29296875,29268.29296875,29268.29296875,0.0,29268.29296875
2010-01-04,29268.29296875,29268.29296875,29268.29296875,29268.29296875,0.0,29268.29296875
2010-01-05,29268.29296875,29268.29296875,29268.29296875,29268.29296875,0.0,29268.29296875
2010-01-06,29268.29296875,29268.29296875,29268.29296875,29268.29296875,0.0,29268.29296875
2010-01-07,29268.29296875,29268.29296875,29268.29296875,29268.29296875,0.0,29268.29296875
2010-01-08,29268.29296875,29268.29296875,29268.29296875,29268.29296875,0.0,29268.29296875
2010-01-11,29268.29296875,29268.29296875,29268.29296875,29268.29296875,0.0,29268.29296875
2010-01-12,29268.29296875,29268.29296875,29268.29296875,29268.29296875,0.0,29268.29296875
2010-01-13,29268.29296875,29268.29296875,29268.29296875,29268.29296875,0.0,29268.29296875
2010-01-14,29268.29296875,29268.29296875,29268.29296875,29268.29296875,0.0,29268.29296875
2010-01-15,29268.29296875,29268.29296875,29268.29296875,29268.29296875,0.0,29268.29296875
2010-01-19,29268.29296875,29268.29296875,29268.29296875,29268.29296875,0.0,29268.29296875
2010-01-20,29268.29296875,29268.29296875,29268.29296875,29268.29296875,0.0,29268.29296875
2010-01-21,29268.29296875,29268.29296875,29268.29296875,29268.29296875,0.0,29268.29296875
2010-01-22,29268.29296875,29268.29296875,29268.29296875,29268.29296875,0.0,29268.29296875
2010-01-25,29268.29296875,29268.29296875,29268.29296875,29268.29296875,0.0,29268.29296875
2010-01-26,29268.29296875,29268.29296875,29268.29296875,29268.29296875,0.0,29268.29296875
2010-01-27,29268.29296875,29268.29296875,29268.29296875,29268.29296875,0.0,29268.29296875
2010-01-28,28682.927734375,28682.927734375,28682.927734375,28682.927734375,0.0,28682.927734375
2010-01-29,28682.927734375,28682.927734375,28682.927734375,28682.927734375,0.0,28682.927734375
2010-02-01,28682.927734375,28682.927734375,28682.927734375,28682.927734375,0.0,28682.927734375
2010-02-02,28682.927734375,28682.927734375,28682.927734375,28682.927734375,0.0,28682.927734375
2010-02-03,28682.927734375,28682.927734375,28682.927734375,28682.927734375,0.0,28682.927734375
2010-02-04,28682.927734375,28682.927734375,28682.927734375,28682.927734375,0.0,28682.927734375
2010-02-05,28682.927734375,28682.927734375,28682.927734375,28682.927734375,0.0,28682.927734375
2010-02-08,28682.927734375,28682.927734375,28682.927734375,28682.927734375,0.0,28682.927734375
2010-02-09,28682.927734375,28682.927734375,28682.927734375,28682.927734375,0.0,28682.927734375
2010-02-10,28682.927734375,28682.927734375,28682.927734375,28682.927734375,0.0,28682.927734375
2010-02-11,28682.927734375,28682.927734375,28682.927734375,28682.927734375,0.0,28682.927734375
2010-02-12,28682.927734375,28682.927734375,28682.927734375,28682.927734375,0.0,28682.927734375
2010-02-16,28682.927734375,28682.927734375,28682.927734375,28682.927734375,0.0,28682.927734375
2010-02-17,28682.927734375,28682.927734375,28682.927734375,28682.927734375,0.0,28682.927734375
2010-02-18,28682.927734375,28682.927734375,28682.927734375,28682.927734375,0.0,28682.927734375
2010-02-19,28682.927734375,28682.927734375,28682.927734375,28682.927734375,0.0,28682.927734375
2010-02-22,28682.927734375,28682.927734375,28682.927734375,28682.927734375,0.0,28682.927734375
2010-02-23,28682.927734375,28682.927734375,28682.927734375,28682.927734375,0.0,28682.927734375
2010-02-24,28682.927734375,28682.927734375,28682.927734375,28682.927734375,0.0,28682.927734375
2010-02-25,28682.927734375,28682.927734375,28682.927734375,28682.927734375,0.0,28682.927734375
2010-02-26,28682.927734375,28682.927734375,28682.927734375,28682.927734375,0.0,28682.927734375
2010-03-01,28682.927734375,28682.927734375,28682.927734375,28682.927734375,0.0,28682.927734375
2010-03-02,28682.927734375,28682.927734375,28682.927734375,28682.927734375,0.0,28682.927734375
2010-03-03,28682.927734375,28682.927734375,28682.927734375,28682.927734375,0.0,28682.927734375
2010-03-04,28682.927734375,28682.927734375,28682.927734375,28682.927734375,0.0,28682.927734375
2010-03-05,28682.927734375,28682.927734375,28682.927734375,28682.927734375,0.0,28682.927734375
2010-03-08,28682.927734375,28682.927734375,28682.927734375,28682.927734375,0.0,28682.927734375
2010-03-09,28682.927734375,28682.927734375,28682.927734375,28682.927734375,0.0,28682.927734375
2010-03-10,28682.927734375,28682.927734375,28682.927734375,28682.927734375,0.0,28682.927734375
2010-03-11,28682.927734375,28682.927734375,28682.927734375,28682.927734375,0.0,28682.927734375
2010-03-12,28682.927734375,28682.927734375,28682.927734375,28682.927734375,0.0,28682.927734375
2010-03-15,28682.927734375,28682.927734375,28682.927734375,28682.927734375,0.0,28682.927734375
2010-03-16,22243.90234375,22243.90234375,22243.90234375,22243.90234375,0.0,22243.90234375
2010-03-17,22243.90234375,22243.90234375,22243.90234375,22243.90234375,0.0,22243.90234375
2010-03-18,22243.90234375,22243.90234375,22243.90234375,22243.90234375,0.0,22243.90234375
2010-03-19,22243.90234375,22243.90234375,22243.90234375,22243.90234375,0.0,22243.90234375
2010-03-22,22243.90234375,22243.90234375,22243.90234375,22243.90234375,0.0,22243.90234375
2010-03-23,22243.90234375,22243.90234375,22243.90234375,22243.90234375,0.0,22243.90234375
2010-03-24,22243.90234375,22243.90234375,22243.90234375,22243.90234375,0.0,22243.90234375
2010-03-25,22243.90234375,22243.90234375,22243.90234375,22243.90234375,0.0,22243.90234375
2010-03-26,22243.90234375,22243.90234375,22243.90234375,22243.90234375,0.0,22243.90234375
2010-03-29,22243.90234375,22243.90234375,22243.90234375,22243.90234375,0.0,22243.90234375
2010-03-30,22243.90234375,22243.90234375,22243.90234375,22243.90234375,0.0,22243.90234375
2010-03-31,22243.90234375,22243.90234375,22243.90234375,22243.90234375,0.0,22243.90234375
2010-04-01,22243.90234375,22243.90234375,22243.90234375,22243.90234375,0.0,22243.90234375
2010-04-05,22243.90234375,22243.90234375,22243.90234375,22243.90234375,0.0,22243.90234375
2010-04-06,22243.90234375,22243.90234375,22243.90234375,22243.90234375,0.0,22243.90234375
2010-04-07,22243.90234375,22243.90234375,22243.90234375,22243.90234375,0.0,22243.90234375
2010-04-08,22243.90234375,22243.90234375,22243.90234375,22243.90234375,0.0,22243.90234375
2010-04-09,22243.90234375,22243.90234375,22243.90234375,22243.90234375,0.0,22243.90234375
2010-04-12,22243.90234375,22243.90234375,22243.90234375,22243.90234375,0.0,22243.90234375
2010-04-13,22243.90234375,22243.90234375,22243.90234375,22243.90234375,0.0,22243.90234375
2010-04-14,22243.90234375,22243.90234375,22243.90234375,22243.90234375,0.0,22243.90234375
2010-04-15,22243.90234375,22243.90234375,22243.90234375,22243.90234375,0.0,22243.90234375
2010-04-16,22243.90234375,22243.90234375,22243.90234375,22243.90234375,0.0,22243.90234375
2010-04-19,22243.90234375,22243.90234375,22243.90234375,22243.90234375,0.0,22243.90234375
2010-04-20,22243.90234375,22243.90234375,22243.90234375,22243.90234375,0.0,22243.90234375
2010-04-21,22243.90234375,22243.90234375,22243.90234375,22243.90234375,0.0,22243.90234375
2010-04-22,22243.90234375,22243.90234375,22243.90234375,22243.90234375,0.0,22243.90234375
2010-04-23,22243.90234375,22243.90234375,22243.90234375,22243.90234375,0.0,22243.90234375
2010-04-26,22243.90234375,22243.90234375,22243.90234375,22243.90234375,0.0,22243.90234375
2010-04-27,22243.90234375,22243.90234375,22243.90234375,22243.90234375,0.0,22243.90234375
2010-04-28,22243.90234375,22243.90234375,22243.90234375,22243.90234375,0.0,22243.90234375
2010-04-29,22243.90234375,22243.90234375,22243.90234375,22243.90234375,0.0,22243.90234375
2010-04-30,22243.90234375,22243.90234375,22243.90234375,22243.90234375,0.0,22243.90234375
2010-05-03,22243.90234375,22243.90234375,22243.90234375,22243.90234375,0.0,22243.90234375
2010-05-04,22243.90234375,22243.90234375,22243.90234375,22243.90234375,0.0,22243.90234375
2010-05-05,22243.90234375,22243.90234375,22243.90234375,22243.90234375,0.0,22243.90234375
2010-05-06,22243.90234375,22243.90234375,22243.90234375,22243.90234375,0.0,22243.90234375
2010-05-07,22243.90234375,22243.90234375,22243.90234375,22243.90234375,0.0,22243.90234375
2010-05-10,22243.90234375,22243.90234375,22243.90234375,22243.90234375,0.0,22243.90234375
2010-05-11,22243.90234375,22243.90234375,22243.90234375,22243.90234375,0.0,22243.90234375
2010-05-12,22243.90234375,22243.90234375,22243.90234375,22243.90234375,0.0,22243.90234375
2010-05-13,22243.90234375,22243.90234375,22243.90234375,22243.90234375,0.0,22243.90234375
2010-05-14,22243.90234375,22243.90234375,22243.90234375,22243.90234375,0.0,22243.90234375
2010-05-17,22243.90234375,22243.90234375,22243.90234375,22243.90234375,0.0,22243.90234375
2010-05-18,22243.90234375,22243.90234375,22243.90234375,22243.90234375,0.0,22243.90234375
2010-05-19,22243.90234375,22243.90234375,22243.90234375,22243.90234375,0.0,22243.90234375
2010-05-20,22243.90234375,22243.90234375,22243.90234375,22243.90234375,0.0,22243.90234375
2010-05-21,22243.90234375,22243.90234375,22243.90234375,22243.90234375,0.0,22243.90234375
2010-05-24,22243.90234375,22243.90234375,22243.90234375,22243.90234375,0.0,22243.90234375
2010-05-25,22243.90234375,22243.90234375,22243.90234375,22243.90234375,0.0,22243.90234375
2010-05-26,22243.90234375,22243.90234375,22243.90234375,22243.90234375,0.0,22243.90234375
2010-05-27,22243.90234375,22243.90234375,22243.90234375,22243.90234375,0.0,22243.90234375
2010-05-28,22243.90234375,22243.90234375,22243.90234375,22243.90234375,0.0,22243.90234375
2010-06-01,22243.90234375,22243.90234375,22243.90234375,22243.90234375,0.0,22243.90234375
2010-06-02,22243.90234375,22243.90234375,22243.90234375,22243.90234375,0.0,22243.90234375
2010-06-03,22243.90234375,22243.90234375,22243.90234375,22243.90234375,0.0,22243.90234375
2010-06-04,22243.90234375,22243.90234375,22243.90234375,22243.90234375,0.0,22243.90234375
2010-06-07,22243.90234375,22243.90234375,22243.90234375,22243.90234375,0.0,22243.90234375
2010-06-08,8780.48828125,5853.65869140625,8780.48828125,5853.65869140625,0.0,5853.65869140625
2010-06-09,5853.65869140625,5853.65869140625,5853.65869140625,5853.65869140625,0.0,5853.65869140625
2010-06-10,5853.65869140625,5853.65869140625,5853.65869140625,5853.65869140625,0.0,5853.65869140625
2010-06-11,5853.65869140625,5853.65869140625,5853.65869140625,5853.65869140625,0.0,5853.65869140625
2010-06-14,5853.65869140625,5853.65869140625,5853.65869140625,5853.65869140625,0.0,5853.65869140625
2010-06-15,5853.65869140625,5853.65869140625,5853.65869140625,5853.65869140625,0.0,5853.65869140625
2010-06-16,5853.65869140625,5853.65869140625,5853.65869140625,5853.65869140625,0.0,5853.65869140625
2010-06-17,5853.65869140625,5853.65869140625,5853.65869140625,5853.65869140625,0.0,5853.65869140625
2010-06-18,5853.65869140625,5853.65869140625,5853.65869140625,5853.65869140625,0.0,5853.65869140625
2010-06-21,5853.65869140625,5853.65869140625,5853.65869140625,5853.65869140625,0.0,5853.65869140625
2010-06-22,5853.65869140625,5853.65869140625,5853.65869140625,5853.65869140625,0.0,5853.65869140625
2010-06-23,5853.65869140625,5853.65869140625,5853.65869140625,5853.65869140625,0.0,5853.65869140625
2010-06-24,5853.65869140625,5853.65869140625,5853.65869140625,5853.65869140625,0.0,5853.65869140625
2010-06-25,5853.65869140625,5853.65869140625,5853.65869140625,5853.65869140625,0.0,5853.65869140625
2010-06-28,5853.65869140625,5853.65869140625,5853.65869140625,5853.65869140625,0.0,5853.65869140625
2010-06-29,5853.65869140625,5853.65869140625,5853.65869140625,5853.65869140625,0.0,5853.65869140625
2010-06-30,5853.65869140625,5853.65869140625,5853.65869140625,5853.65869140625,0.0,5853.65869140625
2010-07-01,5853.65869140625,5853.65869140625,5853.65869140625,5853.65869140625,0.0,5853.65869140625
2010-07-02,5853.65869140625,5853.65869140625,5853.65869140625,5853.65869140625,0.0,5853.65869140625
2010-07-06,5853.65869140625,5853.65869140625,5853.65869140625,5853.65869140625,0.0,5853.65869140625
2010-07-07,5853.65869140625,5853.65869140625,5853.65869140625,5853.65869140625,0.0,5853.65869140625
2010-07-08,5853.65869140625,5853.65869140625,5853.65869140625,5853.65869140625,0.0,5853.65869140625
2010-07-09,5853.65869140625,5853.65869140625,5853.65869140625,5853.65869140625,0.0,5853.65869140625
2010-07-12,5853.65869140625,5853.65869140625,5853.65869140625,5853.65869140625,0.0,5853.65869140625
2010-07-13,14634.146484375,14634.146484375,14634.146484375,14634.146484375,0.0,14634.146484375
2010-07-14,14634.146484375,14634.146484375,14634.146484375,14634.146484375,0.0,14634.146484375
2010-07-15,14634.146484375,14634.146484375,14634.146484375,14634.146484375,0.0,14634.146484375
2010-07-16,14634.146484375,14634.146484375,14634.146484375,14634.146484375,0.0,14634.146484375
2010-07-19,14634.146484375,14634.146484375,14634.146484375,14634.146484375,0.0,14634.146484375
2010-07-20,5853.65869140625,5268.29248046875,5853.65869140625,5268.29248046875,0.0,5268.29248046875
2010-07-21,8780.48828125,8780.48828125,8780.48828125,8780.48828125,0.0,8780.48828125
2010-07-22,9951.2197265625,9951.2197265625,9951.2197265625,9951.2197265625,0.0,9951.2197265625
2010-07-23,9951.2197265625,9951.2197265625,9951.2197265625,9951.2197265625,0.0,9951.2197265625
2010-07-26,9951.2197265625,9951.2197265625,9951.2197265625,9951.2197265625,0.0,9951.2197265625
2010-07-27,9951.2197265625,9951.2197265625,9951.2197265625,9951.2197265625,0.0,9951.2197265625
2010-07-28,9951.2197265625,9951.2197265625,9951.2197265625,9951.2197265625,0.0,9951.2197265625
2010-07-29,9951.2197265625,9951.2197265625,9951.2197265625,9951.2197265625,0.0,9951.2197265625
2010-07-30,9951.2197265625,9951.2197265625,9951.2197265625,9951.2197265625,0.0,9951.2197265625
2010-08-02,9951.2197265625,9951.2197265625,9951.2197265625,9951.2197265625,0.0,9951.2197265625
2010-08-03,9365.853515625,9365.853515625,9365.853515625,9365.853515625,0.0,9365.853515625
2010-08-04,11707.3173828125,9951.2197265625,9951.2197265625,9951.2197265625,0.0,9951.2197265625
2010-08-05,9951.2197265625,9951.2197265625,9951.2197265625,9951.2197265625,0.0,9951.2197265625
2010-08-06,9951.2197265625,9951.2197265625,9951.2197265625,9951.2197265625,0.0,9951.2197265625
2010-08-09,9951.2197265625,9951.2197265625,9951.2197265625,9951.2197265625,0.0,9951.2197265625
2010-08-10,9951.2197265625,9951.2197265625,9951.2197265625,9951.2197265625,0.0,9951.2197265625
2010-08-11,9951.2197265625,9951.2197265625,9951.2197265625,9951.2197265625,0.0,9951.2197265625
2010-08-12,9951.2197265625,9951.2197265625,9951.2197265625,9951.2197265625,0.0,9951.2197265625
2010-08-13,9951.2197265625,9951.2197265625,9951.2197265625,9951.2197265625,0.0,9951.2197265625
2010-08-16,9951.2197265625,9951.2197265625,9951.2197265625,9951.2197265625,0.0,9951.2197265625
2010-08-17,9951.2197265625,9951.2197265625,9951.2197265625,9951.2197265625,0.0,9951.2197265625
2010-08-18,9951.2197265625,9951.2197265625,9951.2197265625,9951.2197265625,0.0,9951.2197265625
2010-08-19,9951.2197265625,9951.2197265625,9951.2197265625,9951.2197265625,0.0,9951.2197265625
2010-08-20,9951.2197265625,9951.2197265625,9951.2197265625,9951.2197265625,0.0,9951.2197265625
2010-08-23,9951.2197265625,9951.2197265625,9951.2197265625,9951.2197265625,0.0,9951.2197265625
2010-08-24,9951.2197265625,9951.2197265625,9951.2197265625,9951.2197265625,0.0,9951.2197265625
2010-08-25,9951.2197265625,9951.2197265625,9951.2197265625,9951.2197265625,0.0,9951.2197265625
2010-08-26,9951.2197265625,9951.2197265625,9951.2197265625,9951.2197265625,0.0,9951.2197265625
2010-08-27,9951.2197265625,9951.2197265625,9951.2197265625,9951.2197265625,0.0,9951.2197265625
2010-08-30,9951.2197265625,9951.2197265625,9951.2197265625,9951.2197265625,0.0,9951.2197265625
2010-08-31,9951.2197265625,9951.2197265625,9951.2197265625,9951.2197265625,0.0,9951.2197265625
2010-09-01,9951.2197265625,9951.2197265625,9951.2197265625,9951.2197265625,0.0,9951.2197265625
2010-09-02,9951.2197265625,9951.2197265625,9951.2197265625,9951.2197265625,0.0,9951.2197265625
2010-09-03,9951.2197265625,9951.2197265625,9951.2197265625,9951.2197265625,0.0,9951.2197265625
2010-09-07,9951.2197265625,9951.2197265625,9951.2197265625,9951.2197265625,0.0,9951.2197265625
2010-09-08,9951.2197265625,9951.2197265625,9951.2197265625,9951.2197265625,0.0,9951.2197265625
2010-09-09,9951.2197265625,9951.2197265625,9951.2197265625,9951.2197265625,0.0,9951.2197265625
2010-09-10,9951.2197265625,9951.2197265625,9951.2197265625,9951.2197265625,0.0,9951.2197265625
2010-09-13,9951.2197265625,9951.2197265625,9951.2197265625,9951.2197265625,0.0,9951.2197265625
2010-09-14,9951.2197265625,9951.2197265625,9951.2197265625,9951.2197265625,0.0,9951.2197265625
2010-09-15,9951.2197265625,9951.2197265625,9951.2197265625,9951.2197265625,0.0,9951.2197265625
2010-09-16,9951.2197265625,9951.2197265625,9951.2197265625,9951.2197265625,0.0,9951.2197265625
2010-09-17,9951.2197265625,9951.2197265625,9951.2197265625,9951.2197265625,0.0,9951.2197265625
2010-09-20,9951.2197265625,9951.2197265625,9951.2197265625,9951.2197265625,0.0,9951.2197265625
2010-09-21,9951.2197265625,9951.2197265625,9951.2197265625,9951.2197265625,0.0,9951.2197265625
2010-09-22,9951.2197265625,9951.2197265625,9951.2197265625,9951.2197265625,0.0,9951.2197265625
2010-09-23,9951.2197265625,9951.2197265625,9951.2197265625,9951.2197265625,0.0,9951.2197265625
2010-09-24,9951.2197265625,9951.2197265625,9951.2197265625,9951.2197265625,0.0,9951.2197265625
2010-09-27,9951.2197265625,9951.2197265625,9951.2197265625,9951.2197265625,0.0,9951.2197265625
2010-09-28,9951.2197265625,9951.2197265625,9951.2197265625,9951.2197265625,0.0,9951.2197265625
2010-09-29,9951.2197265625,9951.2197265625,9951.2197265625,9951.2197265625,0.0,9951.2197265625
2010-09-30,9951.2197265625,9951.2197265625,9951.2197265625,9951.2197265625,0.0,9951.2197265625
2010-10-01,9951.2197265625,9951.2197265625,9951.2197265625,9951.2197265625,0.0,9951.2197265625
2010-10-04,9951.2197265625,9951.2197265625,9951.2197265625,9951.2197265625,0.0,9951.2197265625
2010-10-05,9951.2197265625,9951.2197265625,9951.2197265625,9951.2197265625,0.0,9951.2197265625
2010-10-06,9951.2197265625,9951.2197265625,9951.2197265625,9951.2197265625,0.0,9951.2197265625
2010-10-07,9951.2197265625,9951.2197265625,9951.2197265625,9951.2197265625,0.0,9951.2197265625
2010-10-08,9951.2197265625,9951.2197265625,9951.2197265625,9951.2197265625,0.0,9951.2197265625
2010-10-11,9951.2197265625,9951.2197265625,9951.2197265625,9951.2197265625,0.0,9951.2197265625
2010-10-12,9951.2197265625,9951.2197265625,9951.2197265625,9951.2197265625,0.0,9951.2197265625
2010-10-13,9951.2197265625,9951.2197265625,9951.2197265625,9951.2197265625,0.0,9951.2197265625
2010-10-14,9951.2197265625,9951.2197265625,9951.2197265625,9951.2197265625,0.0,9951.2197265625
2010-10-15,9951.2197265625,9951.2197265625,9951.2197265625,9951.2197265625,0.0,9951.2197265625
2010-10-18,9951.2197265625,9951.2197265625,9951.2197265625,9951.2197265625,0.0,9951.2197265625
2010-10-19,9951.2197265625,9951.2197265625,9951.2197265625,9951.2197265625,0.0,9951.2197265625
2010-10-20,9951.2197265625,9951.2197265625,9951.2197265625,9951.2197265625,0.0,9951.2197265625
2010-10-21,9951.2197265625,9951.2197265625,9951.2197265625,9951.2197265625,0.0,9951.2197265625
2010-10-22,9951.2197265625,9951.2197265625,9951.2197265625,9951.2197265625,0.0,9951.2197265625
2010-10-25,9951.2197265625,9951.2197265625,9951.2197265625,9951.2197265625,0.0,9951.2197265625
2010-10-26,9951.2197265625,9951.2197265625,9951.2197265625,9951.2197265625,0.0,9951.2197265625
2010-10-27,9951.2197265625,9951.2197265625,9951.2197265625,9951.2197265625,0.0,9951.2197265625
2010-10-28,11707.3173828125,11707.3173828125,11707.3173828125,11707.3173828125,0.0,11707.3173828125
2010-10-29,11707.3173828125,11707.3173828125,11707.3173828125,11707.3173828125,0.0,11707.3173828125
2010-11-01,11707.3173828125,11707.3173828125,11707.3173828125,11707.3173828125,0.0,11707.3173828125
2010-11-02,11707.3173828125,11707.3173828125,11707.3173828125,11707.3173828125,0.0,11707.3173828125
2010-11-03,11707.3173828125,11707.3173828125,11707.3173828125,11707.3173828125,0.0,11707.3173828125
2010-11-04,11707.3173828125,11707.3173828125,11707.3173828125,11707.3173828125,0.0,11707.3173828125
2010-11-05,11707.3173828125,11707.3173828125,11707.3173828125,11707.3173828125,0.0,11707.3173828125
2010-11-08,11707.3173828125,11707.3173828125,11707.3173828125,11707.3173828125,0.0,11707.3173828125
2010-11-09,11707.3173828125,11707.3173828125,11707.3173828125,11707.3173828125,0.0,11707.3173828125
2010-11-10,11707.3173828125,11707.3173828125,11707.3173828125,11707.3173828125,0.0,11707.3173828125
2010-11-11,11707.3173828125,11707.3173828125,11707.3173828125,11707.3173828125,0.0,11707.3173828125
2010-11-12,11707.3173828125,11707.3173828125,11707.3173828125,11707.3173828125,0.0,11707.3173828125
2010-11-15,11707.3173828125,11707.3173828125,11707.3173828125,11707.3173828125,0.0,11707.3173828125
2010-11-16,11707.3173828125,11707.3173828125,11707.3173828125,11707.3173828125,0.0,11707.3173828125
2010-11-17,11707.3173828125,11707.3173828125,11707.3173828125,11707.3173828125,0.0,11707.3173828125
2010-11-18,11707.3173828125,11707.3173828125,11707.3173828125,11707.3173828125,0.0,11707.3173828125
2010-11-19,11707.3173828125,11707.3173828125,11707.3173828125,11707.3173828125,0.0,11707.3173828125
2010-11-22,11707.3173828125,11707.3173828125,11707.3173828125,11707.3173828125,0.0,11707.3173828125
2010-11-23,11707.3173828125,11707.3173828125,11707.3173828125,11707.3173828125,0.0,11707.3173828125
2010-11-24,11707.3173828125,11707.3173828125,11707.3173828125,11707.3173828125,0.0,11707.3173828125
2010-11-26,11707.3173828125,11707.3173828125,11707.3173828125,11707.3173828125,0.0,11707.3173828125
2010-11-29,11707.3173828125,11707.3173828125,11707.3173828125,11707.3173828125,0.0,11707.3173828125
2010-11-30,11707.3173828125,11707.3173828125,11707.3173828125,11707.3173828125,0.0,11707.3173828125
2010-12-01,11707.3173828125,11707.3173828125,11707.3173828125,11707.3173828125,0.0,11707.3173828125
2010-12-02,11121.951171875,11121.951171875,11121.951171875,11121.951171875,0.0,11121.951171875
2010-12-03,11707.3173828125,11707.3173828125,11707.3173828125,11707.3173828125,0.0,11707.3173828125
2010-12-06,11707.3173828125,11707.3173828125,11707.3173828125,11707.3173828125,0.0,11707.3173828125
2010-12-07,11707.3173828125,11707.3173828125,11707.3173828125,11707.3173828125,0.0,11707.3173828125
2010-12-08,11707.3173828125,11707.3173828125,11707.3173828125,11707.3173828125,0.0,11707.3173828125
2010-12-09,9365.853515625,9365.853515625,9365.853515625,9365.853515625,0.0,9365.853515625
2010-12-10,9365.853515625,9365.853515625,9365.853515625,9365.853515625,0.0,9365.853515625
2010-12-13,9365.853515625,9365.853515625,9365.853515625,9365.853515625,0.0,9365.853515625
2010-12-14,9365.853515625,9365.853515625,9365.853515625,9365.853515625,0.0,9365.853515625
2010-12-15,9365.853515625,9365.853515625,9365.853515625,9365.853515625,0.0,9365.853515625
2010-12-16,9365.853515625,9365.853515625,9365.853515625,9365.853515625,0.0,9365.853515625
2010-12-17,9365.853515625,9365.853515625,9365.853515625,9365.853515625,0.0,9365.853515625
2010-12-20,9365.853515625,9365.853515625,9365.853515625,9365.853515625,0.0,9365.853515625
2010-12-21,9365.853515625,9365.853515625,9365.853515625,9365.853515625,0.0,9365.853515625
2010-12-22,9365.853515625,9365.853515625,9365.853515625,9365.853515625,0.0,9365.853515625
2010-12-23,9365.853515625,9365.853515625,9365.853515625,9365.853515625,0.0,9365.853515625
2010-12-27,9365.853515625,9365.853515625,9365.853515625,9365.853515625,0.0,9365.853515625
2010-12-28,9365.853515625,9365.853515625,9365.853515625,9365.853515625,0.0,9365.853515625
2010-12-29,9365.853515625,9365.853515625,9365.853515625,9365.853515625,0.0,9365.853515625
2010-12-30,9365.853515625,9365.853515625,9365.853515625,9365.853515625,0.0,9365.853515625
2010-12-31,9365.853515625,9365.853515625,9365.853515625,9365.853515625,0.0,9365.853515625
2011-01-03,14634.146484375,11121.951171875,11707.3173828125,14634.146484375,0.0,14634.146484375
2011-01-04,14634.146484375,14634.146484375,14634.146484375,14634.146484375,0.0,14634.146484375
2011-01-05,14634.146484375,14634.146484375,14634.146484375,14634.146484375,0.0,14634.146484375
2011-01-06,14634.146484375,14634.146484375,14634.146484375,14634.146484375,0.0,14634.146484375
2011-01-07,14634.146484375,14634.146484375,14634.146484375,14634.146484375,0.0,14634.146484375
2011-01-10,14634.146484375,14634.146484375,14634.146484375,14634.146484375,0.0,14634.146484375
2011-01-11,14634.146484375,14634.146484375,14634.146484375,14634.146484375,0.0,14634.146484375
2011-01-12,14634.146484375,14634.146484375,14634.146484375,14634.146484375,0.0,14634.146484375
2011-01-13,14634.146484375,14634.146484375,14634.146484375,14634.146484375,0.0,14634.146484375
2011-01-14,14634.146484375,14634.146484375,14634.146484375,14634.146484375,0.0,14634.146484375
2011-01-18,14634.146484375,14634.146484375,14634.146484375,14634.146484375,0.0,14634.146484375
2011-01-19,14634.146484375,14634.146484375,14634.146484375,14634.146484375,0.0,14634.146484375
2011-01-20,14634.146484375,14634.146484375,14634.146484375,14634.146484375,0.0,14634.146484375
2011-01-21,14634.146484375,14634.146484375,14634.146484375,14634.146484375,0.0,14634.146484375
2011-01-24,14634.146484375,14634.146484375,14634.146484375,14634.146484375,0.0,14634.146484375
2011-01-25,14634.146484375,14634.146484375,14634.146484375,14634.146484375,0.0,14634.146484375
2011-01-26,14634.146484375,14634.146484375,14634.146484375,14634.146484375,0.0,14634.146484375
2011-01-27,14634.146484375,14634.146484375,14634.146484375,14634.146484375,0.0,14634.146484375
2011-01-28,14634.146484375,14634.146484375,14634.146484375,14634.146484375,0.0,14634.146484375
2011-01-31,14634.146484375,14634.146484375,14634.146484375,14634.146484375,0.0,14634.146484375
2011-02-01,14634.146484375,14634.146484375,14634.146484375,14634.146484375,0.0,14634.146484375
2011-02-02,14634.146484375,14634.146484375,14634.146484375,14634.146484375,0.0,14634.146484375
2011-02-03,14634.146484375,14634.146484375,14634.146484375,14634.146484375,0.0,14634.146484375
2011-02-04,14634.146484375,14634.146484375,14634.146484375,14634.146484375,0.0,14634.146484375
2011-02-07,14634.146484375,14634.146484375,14634.146484375,14634.146484375,0.0,14634.146484375
2011-02-08,14634.146484375,14634.146484375,14634.146484375,14634.146484375,0.0,14634.146484375
2011-02-09,14634.146484375,14634.146484375,14634.146484375,14634.146484375,0.0,14634.146484375
2011-02-10,14634.146484375,14634.146484375,14634.146484375,14634.146484375,0.0,14634.146484375
2011-02-11,14634.146484375,14634.146484375,14634.146484375,14634.146484375,0.0,14634.146484375
2011-02-14,14634.146484375,14634.146484375,14634.146484375,14634.146484375,0.0,14634.146484375
2011-02-15,14634.146484375,14634.146484375,14634.146484375,14634.146484375,0.0,14634.146484375
2011-02-16,14634.146484375,14634.146484375,14634.146484375,14634.146484375,0.0,14634.146484375
2011-02-17,14634.146484375,14634.146484375,14634.146484375,14634.146484375,0.0,14634.146484375
2011-02-18,14634.146484375,14634.146484375,14634.146484375,14634.146484375,0.0,14634.146484375
2011-02-22,14634.146484375,14634.146484375,14634.146484375,14634.146484375,0.0,14634.146484375
2011-02-23,14634.146484375,14634.146484375,14634.146484375,14634.146484375,0.0,14634.146484375
2011-02-24,14634.146484375,14634.146484375,14634.146484375,14634.146484375,0.0,14634.146484375
2011-02-25,14634.146484375,14634.146484375,14634.146484375,14634.146484375,0.0,14634.146484375
2011-02-28,14634.146484375,14634.146484375,14634.146484375,14634.146484375,0.0,14634.146484375
2011-03-01,14634.146484375,14634.146484375,14634.146484375,14634.146484375,0.0,14634.146484375
2011-03-02,14634.146484375,14634.146484375,14634.146484375,14634.146484375,0.0,14634.146484375
2011-03-03,14634.146484375,14634.146484375,14634.146484375,14634.146484375,0.0,14634.146484375
2011-03-04,14634.146484375,14634.146484375,14634.146484375,14634.146484375,0.0,14634.146484375
2011-03-07,14634.146484375,14634.146484375,14634.146484375,14634.146484375,0.0,14634.146484375
2011-03-08,14634.146484375,14634.146484375,14634.146484375,14634.146484375,0.0,14634.146484375
2011-03-09,14634.146484375,14634.146484375,14634.146484375,14634.146484375,0.0,14634.146484375
2011-03-10,29853.658203125,29853.658203125,29853.658203125,29853.658203125,0.0,29853.658203125
2011-03-11,29853.658203125,29853.658203125,29853.658203125,29853.658203125,0.0,29853.658203125
2011-03-14,29853.658203125,29853.658203125,29853.658203125,29853.658203125,0.0,29853.658203125
2011-03-15,29853.658203125,29853.658203125,29853.658203125,29853.658203125,0.0,29853.658203125
2011-03-16,29853.658203125,29853.658203125,29853.658203125,29853.658203125,0.0,29853.658203125
2011-03-17,29853.658203125,29853.658203125,29853.658203125,29853.658203125,0.0,29853.658203125
2011-03-18,29853.658203125,29853.658203125,29853.658203125,29853.658203125,0.0,29853.658203125
2011-03-21,29853.658203125,29853.658203125,29853.658203125,29853.658203125,0.0,29853.658203125
2011-03-22,29853.658203125,29853.658203125,29853.658203125,29853.658203125,0.0,29853.658203125
2011-03-23,29853.658203125,29853.658203125,29853.658203125,29853.658203125,0.0,29853.658203125
2011-03-24,29853.658203125,29853.658203125,29853.658203125,29853.658203125,0.0,29853.658203125
2011-03-25,29853.658203125,29853.658203125,29853.658203125,29853.658203125,0.0,29853.658203125
2011-03-28,29853.658203125,29853.658203125,29853.658203125,29853.658203125,0.0,29853.658203125
2011-03-29,29853.658203125,29853.658203125,29853.658203125,29853.658203125,0.0,29853.658203125
2011-03-30,29853.658203125,29853.658203125,29853.658203125,29853.658203125,0.0,29853.658203125
2011-03-31,29853.658203125,29853.658203125,29853.658203125,29853.658203125,0.0,29853.658203125
2011-04-01,29853.658203125,29853.658203125,29853.658203125,29853.658203125,0.0,29853.658203125
2011-04-04,29853.658203125,29853.658203125,29853.658203125,29853.658203125,0.0,29853.658203125
2011-04-05,29853.658203125,29853.658203125,29853.658203125,29853.658203125,0.0,29853.658203125
2011-04-06,29853.658203125,29853.658203125,29853.658203125,29853.658203125,0.0,29853.658203125
2011-04-07,29853.658203125,29853.658203125,29853.658203125,29853.658203125,0.0,29853.658203125
2011-04-08,29853.658203125,29853.658203125,29853.658203125,29853.658203125,0.0,29853.658203125
2011-04-11,29853.658203125,29853.658203125,29853.658203125,29853.658203125,0.0,29853.658203125
2011-04-12,17560.9765625,17560.9765625,17560.9765625,17560.9765625,0.0,17560.9765625
2011-04-13,17560.9765625,17560.9765625,17560.9765625,17560.9765625,0.0,17560.9765625
2011-04-14,17560.9765625,17560.9765625,17560.9765625,17560.9765625,0.0,17560.9765625
2011-04-15,17560.9765625,17560.9765625,17560.9765625,17560.9765625,0.0,17560.9765625
2011-04-18,17560.9765625,17560.9765625,17560.9765625,17560.9765625,0.0,17560.9765625
2011-04-19,17560.9765625,17560.9765625,17560.9765625,17560.9765625,0.0,17560.9765625
2011-04-20,17560.9765625,17560.9765625,17560.9765625,17560.9765625,0.0,17560.9765625
2011-04-21,17560.9765625,17560.9765625,17560.9765625,17560.9765625,0.0,17560.9765625
2011-04-25,17560.9765625,17560.9765625,17560.9765625,17560.9765625,0.0,17560.9765625
2011-04-26,17560.9765625,17560.9765625,17560.9765625,17560.9765625,0.0,17560.9765625
2011-04-27,17560.9765625,17560.9765625,17560.9765625,17560.9765625,0.0,17560.9765625
2011-04-28,17560.9765625,17560.9765625,17560.9765625,17560.9765625,0.0,17560.9765625
2011-04-29,17560.9765625,17560.9765625,17560.9765625,17560.9765625,0.0,17560.9765625
2011-05-02,17560.9765625,17560.9765625,17560.9765625,17560.9765625,0.0,17560.9765625
2011-05-03,17560.9765625,17560.9765625,17560.9765625,17560.9765625,0.0,17560.9765625
2011-05-04,17560.9765625,17560.9765625,17560.9765625,17560.9765625,0.0,17560.9765625
2011-05-05,17560.9765625,17560.9765625,17560.9765625,17560.9765625,0.0,17560.9765625
2011-05-06,17560.9765625,17560.9765625,17560.9765625,17560.9765625,0.0,17560.9765625
2011-05-09,17560.9765625,14634.146484375,17560.9765625,14634.146484375,0.0,14634.146484375
2011-05-10,14634.146484375,14634.146484375,14634.146484375,14634.146484375,0.0,14634.146484375
2011-05-11,14634.146484375,14634.146484375,14634.146484375,14634.146484375,0.0,14634.146484375
2011-05-12,14634.146484375,14634.146484375,14634.146484375,14634.146484375,0.0,14634.146484375
2011-05-13,14634.146484375,14634.146484375,14634.146484375,14634.146484375,0.0,14634.146484375
2011-05-16,14634.146484375,14634.146484375,14634.146484375,14634.146484375,0.0,14634.146484375
2011-05-17,14634.146484375,14634.146484375,14634.146484375,14634.146484375,0.0,14634.146484375
2011-05-18,14634.146484375,14634.146484375,14634.146484375,14634.146484375,0.0,14634.146484375
2011-05-19,14634.146484375,14634.146484375,14634.146484375,14634.146484375,0.0,14634.146484375
2011-05-20,14634.146484375,14634.146484375,14634.146484375,14634.146484375,0.0,14634.146484375
2011-05-23,14634.146484375,14634.146484375,14634.146484375,14634.146484375,0.0,14634.146484375
2011-05-24,14634.146484375,14634.146484375,14634.146484375,14634.146484375,0.0,14634.146484375
2011-05-25,14634.146484375,14634.146484375,14634.146484375,14634.146484375,0.0,14634.146484375
2011-05-26,14634.146484375,14634.146484375,14634.146484375,14634.146484375,0.0,14634.146484375
2011-05-27,14634.146484375,14634.146484375,14634.146484375,14634.146484375,0.0,14634.146484375
2011-05-31,14634.146484375,14634.146484375,14634.146484375,14634.146484375,0.0,14634.146484375
2011-06-01,14634.146484375,14634.146484375,14634.146484375,14634.146484375,0.0,14634.146484375
2011-06-02,14634.146484375,14634.146484375,14634.146484375,14634.146484375,0.0,14634.146484375
2011-06-03,14634.146484375,14634.146484375,14634.146484375,14634.146484375,0.0,14634.146484375
2011-06-06,14634.146484375,14634.146484375,14634.146484375,14634.146484375,0.0,14634.146484375
2011-06-07,14634.146484375,14634.146484375,14634.146484375,14634.146484375,0.0,14634.146484375
2011-06-08,14634.146484375,14634.146484375,14634.146484375,14634.146484375,0.0,14634.146484375
2011-06-09,14634.146484375,14634.146484375,14634.146484375,14634.146484375,0.0,14634.146484375
2011-06-10,14634.146484375,14634.146484375,14634.146484375,14634.146484375,0.0,14634.146484375
2011-06-13,14634.146484375,14634.146484375,14634.146484375,14634.146484375,0.0,14634.146484375
2011-06-14,14634.146484375,14634.146484375,14634.146484375,14634.146484375,0.0,14634.146484375
2011-06-15,14634.146484375,14634.146484375,14634.146484375,14634.146484375,0.0,14634.146484375
2011-06-16,14634.146484375,14634.146484375,14634.146484375,14634.146484375,0.0,14634.146484375
2011-06-17,14634.146484375,14634.146484375,14634.146484375,14634.146484375,0.0,14634.146484375
2011-06-20,14634.146484375,14634.146484375,14634.146484375,14634.146484375,0.0,14634.146484375
2011-06-21,14634.146484375,14634.146484375,14634.146484375,14634.146484375,0.0,14634.146484375
2011-06-22,14634.146484375,14634.146484375,14634.146484375,14634.146484375,0.0,14634.146484375
2011-06-23,14634.146484375,14634.146484375,14634.146484375,14634.146484375,0.0,14634.146484375
2011-06-24,14634.146484375,14634.146484375,14634.146484375,14634.146484375,0.0,14634.146484375
2011-06-27,14634.146484375,14634.146484375,14634.146484375,14634.146484375,0.0,14634.146484375
2011-06-28,14634.146484375,14634.146484375,14634.146484375,14634.146484375,0.0,14634.146484375
2011-06-29,14634.146484375,14634.146484375,14634.146484375,14634.146484375,0.0,14634.146484375
2011-06-30,14634.146484375,14634.146484375,14634.146484375,14634.146484375,0.0,14634.146484375
2011-07-01,16390.244140625,16390.244140625,16390.244140625,16390.244140625,0.0,16390.244140625
2011-07-05,16390.244140625,16390.244140625,16390.244140625,16390.244140625,0.0,16390.244140625
2011-07-06,16390.244140625,16390.244140625,16390.244140625,16390.244140625,0.0,16390.244140625
2011-07-07,16390.244140625,16390.244140625,16390.244140625,16390.244140625,0.0,16390.244140625
2011-07-08,16390.244140625,16390.244140625,16390.244140625,16390.244140625,0.0,16390.244140625
2011-07-11,16390.244140625,16390.244140625,16390.244140625,16390.244140625,0.0,16390.244140625
2011-07-12,16390.244140625,16390.244140625,16390.244140625,16390.244140625,0.0,16390.244140625
2011-07-13,16390.244140625,16390.244140625,16390.244140625,16390.244140625,0.0,16390.244140625
2011-07-14,16390.244140625,16390.244140625,16390.244140625,16390.244140625,0.0,16390.244140625
2011-07-15,16390.244140625,16390.244140625,16390.244140625,16390.244140625,0.0,16390.244140625
2011-07-18,16390.244140625,16390.244140625,16390.244140625,16390.244140625,0.0,16390.244140625
2011-07-19,16390.244140625,16390.244140625,16390.244140625,16390.244140625,0.0,16390.244140625
2011-07-20,16390.244140625,16390.244140625,16390.244140625,16390.244140625,0.0,16390.244140625
2011-07-21,16390.244140625,16390.244140625,16390.244140625,16390.244140625,0.0,16390.244140625
2011-07-22,16390.244140625,16390.244140625,16390.244140625,16390.244140625,0.0,16390.244140625
2011-07-25,16390.244140625,16390.244140625,16390.244140625,16390.244140625,0.0,16390.244140625
2011-07-26,16390.244140625,16390.244140625,16390.244140625,16390.244140625,0.0,16390.244140625
2011-07-27,16390.244140625,16390.244140625,16390.244140625,16390.244140625,0.0,16390.244140625
2011-07-28,16390.244140625,16390.244140625,16390.244140625,16390.244140625,0.0,16390.244140625
2011-07-29,16390.244140625,16390.244140625,16390.244140625,16390.244140625,0.0,16390.244140625
2011-08-01,16390.244140625,16390.244140625,16390.244140625,16390.244140625,0.0,16390.244140625
2011-08-02,16390.244140625,16390.244140625,16390.244140625,16390.244140625,0.0,16390.244140625
2011-08-03,16390.244140625,16390.244140625,16390.244140625,16390.244140625,0.0,16390.244140625
2011-08-04,16390.244140625,16390.244140625,16390.244140625,16390.244140625,0.0,16390.244140625
2011-08-05,16390.244140625,16390.244140625,16390.244140625,16390.244140625,0.0,16390.244140625
2011-08-08,16390.244140625,16390.244140625,16390.244140625,16390.244140625,0.0,16390.244140625
2011-08-09,16390.244140625,16390.244140625,16390.244140625,16390.244140625,0.0,16390.244140625
2011-08-10,16390.244140625,16390.244140625,16390.244140625,16390.244140625,0.0,16390.244140625
2011-08-11,16390.244140625,16390.244140625,16390.244140625,16390.244140625,0.0,16390.244140625
2011-08-12,16390.244140625,16390.244140625,16390.244140625,16390.244140625,0.0,16390.244140625
2011-08-15,16390.244140625,16390.244140625,16390.244140625,16390.244140625,0.0,16390.244140625
2011-08-16,16390.244140625,16390.244140625,16390.244140625,16390.244140625,0.0,16390.244140625
2011-08-17,16390.244140625,16390.244140625,16390.244140625,16390.244140625,0.0,16390.244140625
2011-08-18,16390.244140625,16390.244140625,16390.244140625,16390.244140625,0.0,16390.244140625
2011-08-19,16390.244140625,16390.244140625,16390.244140625,16390.244140625,0.0,16390.244140625
2011-08-22,16390.244140625,16390.244140625,16390.244140625,16390.244140625,0.0,16390.244140625
2011-08-23,16390.244140625,16390.244140625,16390.244140625,16390.244140625,0.0,16390.244140625
2011-08-24,16390.244140625,16390.244140625,16390.244140625,16390.244140625,0.0,16390.244140625
2011-08-25,16390.244140625,16390.244140625,16390.244140625,16390.244140625,0.0,16390.244140625
2011-08-26,16390.244140625,16390.244140625,16390.244140625,16390.244140625,0.0,16390.244140625
2011-08-29,16390.244140625,16390.244140625,16390.244140625,16390.244140625,0.0,16390.244140625
2011-08-30,16390.244140625,16390.244140625,16390.244140625,16390.244140625,0.0,16390.244140625
2011-08-31,16390.244140625,16390.244140625,16390.244140625,16390.244140625,0.0,16390.244140625
2011-09-01,16390.244140625,16390.244140625,16390.244140625,16390.244140625,0.0,16390.244140625
2011-09-02,16390.244140625,16390.244140625,16390.244140625,16390.244140625,0.0,16390.244140625
2011-09-06,16390.244140625,16390.244140625,16390.244140625,16390.244140625,0.0,16390.244140625
2011-09-07,16390.244140625,16390.244140625,16390.244140625,16390.244140625,0.0,16390.244140625
2011-09-08,16390.244140625,16390.244140625,16390.244140625,16390.244140625,0.0,16390.244140625
2011-09-09,16390.244140625,16390.244140625,16390.244140625,16390.244140625,0.0,16390.244140625
2011-09-12,16390.244140625,16390.244140625,16390.244140625,16390.244140625,0.0,16390.244140625
2011-09-13,16390.244140625,16390.244140625,16390.244140625,16390.244140625,0.0,16390.244140625
2011-09-14,16390.244140625,16390.244140625,16390.244140625,16390.244140625,0.0,16390.244140625
2011-09-15,16390.244140625,16390.244140625,16390.244140625,16390.244140625,0.0,16390.244140625
2011-09-16,16390.244140625,16390.244140625,16390.244140625,16390.244140625,0.0,16390.244140625
2011-09-19,16390.244140625,16390.244140625,16390.244140625,16390.244140625,0.0,16390.244140625
2011-09-20,16390.244140625,16390.244140625,16390.244140625,16390.244140625,0.0,16390.244140625
2011-09-21,16390.244140625,16390.244140625,16390.244140625,16390.244140625,0.0,16390.244140625
2011-09-22,16390.244140625,16390.244140625,16390.244140625,16390.244140625,0.0,16390.244140625
2011-09-23,16390.244140625,16390.244140625,16390.244140625,16390.244140625,0.0,16390.244140625
2011-09-26,16390.244140625,16390.244140625,16390.244140625,16390.244140625,0.0,16390.244140625
2011-09-27,16390.244140625,16390.244140625,16390.244140625,16390.244140625,0.0,16390.244140625
2011-09-28,16390.244140625,16390.244140625,16390.244140625,16390.244140625,0.0,16390.244140625
2011-09-29,16390.244140625,16390.244140625,16390.244140625,16390.244140625,0.0,16390.244140625
2011-09-30,16390.244140625,16390.244140625,16390.244140625,16390.244140625,0.0,16390.244140625
2011-10-03,16390.244140625,16390.244140625,16390.244140625,16390.244140625,0.0,16390.244140625
2011-10-04,16390.244140625,16390.244140625,16390.244140625,16390.244140625,0.0,16390.244140625
2011-10-05,16390.244140625,16390.244140625,16390.244140625,16390.244140625,0.0,16390.244140625
2011-10-06,45073.171875,45073.171875,45073.171875,45073.171875,0.0,45073.171875
2011-10-07,45073.171875,45073.171875,45073.171875,45073.171875,0.0,45073.171875
2011-10-10,45073.171875,45073.171875,45073.171875,45073.171875,0.0,45073.171875
2011-10-11,45073.171875,45073.171875,45073.171875,45073.171875,0.0,45073.171875
2011-10-12,45073.171875,45073.171875,45073.171875,45073.171875,0.0,45073.171875
2011-10-13,45073.171875,45073.171875,45073.171875,45073.171875,0.0,45073.171875
2011-10-14,45073.171875,45073.171875,45073.171875,45073.171875,0.0,45073.171875
2011-10-17,45073.171875,45073.171875,45073.171875,45073.171875,0.0,45073.171875
2011-10-18,45073.171875,45073.171875,45073.171875,45073.171875,0.0,45073.171875
2011-10-19,20487.8046875,20487.8046875,20487.8046875,20487.8046875,0.0,20487.8046875
2011-10-20,20487.8046875,20487.8046875,20487.8046875,20487.8046875,0.0,20487.8046875
2011-10-21,20487.8046875,20487.8046875,20487.8046875,20487.8046875,0.0,20487.8046875
2011-10-24,20487.8046875,20487.8046875,20487.8046875,20487.8046875,0.0,20487.8046875
2011-10-25,20487.8046875,20487.8046875,20487.8046875,20487.8046875,0.0,20487.8046875
2011-10-26,20487.8046875,20487.8046875,20487.8046875,20487.8046875,0.0,20487.8046875
2011-10-27,20487.8046875,20487.8046875,20487.8046875,20487.8046875,0.0,20487.8046875
2011-10-28,20487.8046875,20487.8046875,20487.8046875,20487.8046875,0.0,20487.8046875
2011-10-31,20487.8046875,20487.8046875,20487.8046875,20487.8046875,0.0,20487.8046875
2011-11-01,20487.8046875,20487.8046875,20487.8046875,20487.8046875,0.0,20487.8046875
2011-11-02,20487.8046875,20487.8046875,20487.8046875,20487.8046875,0.0,20487.8046875
2011-11-03,20487.8046875,20487.8046875,20487.8046875,20487.8046875,0.0,20487.8046875
2011-11-04,20487.8046875,20487.8046875,20487.8046875,20487.8046875,0.0,20487.8046875
2011-11-07,20487.8046875,20487.8046875,20487.8046875,20487.8046875,0.0,20487.8046875
2011-11-08,20487.8046875,20487.8046875,20487.8046875,20487.8046875,0.0,20487.8046875
2011-11-09,20487.8046875,20487.8046875,20487.8046875,20487.8046875,0.0,20487.8046875
2011-11-10,20487.8046875,20487.8046875,20487.8046875,20487.8046875,0.0,20487.8046875
2011-11-11,20487.8046875,20487.8046875,20487.8046875,20487.8046875,0.0,20487.8046875
2011-11-14,20487.8046875,20487.8046875,20487.8046875,20487.8046875,0.0,20487.8046875
2011-11-15,20487.8046875,20487.8046875,20487.8046875,20487.8046875,0.0,20487.8046875
2011-11-16,20487.8046875,20487.8046875,20487.8046875,20487.8046875,0.0,20487.8046875
2011-11-17,20487.8046875,20487.8046875,20487.8046875,20487.8046875,0.0,20487.8046875
2011-11-18,20487.8046875,20487.8046875,20487.8046875,20487.8046875,0.0,20487.8046875
2011-11-21,20487.8046875,20487.8046875,20487.8046875,20487.8046875,0.0,20487.8046875
2011-11-22,20487.8046875,20487.8046875,20487.8046875,20487.8046875,0.0,20487.8046875
2011-11-23,20487.8046875,20487.8046875,20487.8046875,20487.8046875,0.0,20487.8046875
2011-11-25,20487.8046875,20487.8046875,20487.8046875,20487.8046875,0.0,20487.8046875
2011-11-28,20487.8046875,20487.8046875,20487.8046875,20487.8046875,0.0,20487.8046875
2011-11-29,20487.8046875,20487.8046875,20487.8046875,20487.8046875,0.0,20487.8046875
2011-11-30,20487.8046875,20487.8046875,20487.8046875,20487.8046875,0.0,20487.8046875
2011-12-01,20487.8046875,20487.8046875,20487.8046875,20487.8046875,0.0,20487.8046875
2011-12-02,20487.8046875,20487.8046875,20487.8046875,20487.8046875,0.0,20487.8046875
2011-12-05,20487.8046875,20487.8046875,20487.8046875,20487.8046875,0.0,20487.8046875
2011-12-06,20487.8046875,20487.8046875,20487.8046875,20487.8046875,0.0,20487.8046875
2011-12-07,20487.8046875,20487.8046875,20487.8046875,20487.8046875,0.0,20487.8046875
2011-12-08,20487.8046875,20487.8046875,20487.8046875,20487.8046875,0.0,20487.8046875
2011-12-09,20487.8046875,20487.8046875,20487.8046875,20487.8046875,0.0,20487.8046875
2011-12-12,20487.8046875,20487.8046875,20487.8046875,20487.8046875,0.0,20487.8046875
2011-12-13,20487.8046875,20487.8046875,20487.8046875,20487.8046875,0.0,20487.8046875
2011-12-14,20487.8046875,20487.8046875,20487.8046875,20487.8046875,0.0,20487.8046875
2011-12-15,20487.8046875,20487.8046875,20487.8046875,20487.8046875,0.0,20487.8046875
2011-12-16,20487.8046875,20487.8046875,20487.8046875,20487.8046875,0.0,20487.8046875
2011-12-19,20487.8046875,20487.8046875,20487.8046875,20487.8046875,0.0,20487.8046875
2011-12-20,20487.8046875,20487.8046875,20487.8046875,20487.8046875,0.0,20487.8046875
2011-12-21,20487.8046875,20487.8046875,20487.8046875,20487.8046875,0.0,20487.8046875
2011-12-22,20487.8046875,20487.8046875,20487.8046875,20487.8046875,0.0,20487.8046875
2011-12-23,20487.8046875,20487.8046875,20487.8046875,20487.8046875,0.0,20487.8046875
2011-12-27,20487.8046875,20487.8046875,20487.8046875,20487.8046875,0.0,20487.8046875
2011-12-28,20487.8046875,20487.8046875,20487.8046875,20487.8046875,0.0,20487.8046875
2011-12-29,20487.8046875,20487.8046875,20487.8046875,20487.8046875,0.0,20487.8046875
2011-12-30,20487.8046875,20487.8046875,20487.8046875,20487.8046875,0.0,20487.8046875
2012-01-03,20487.8046875,20487.8046875,20487.8046875,20487.8046875,0.0,20487.8046875
2012-01-04,20487.8046875,20487.8046875,20487.8046875,20487.8046875,0.0,20487.8046875
2012-01-05,20487.8046875,20487.8046875,20487.8046875,20487.8046875,0.0,20487.8046875
2012-01-06,20487.8046875,20487.8046875,20487.8046875,20487.8046875,0.0,20487.8046875
2012-01-09,20487.8046875,20487.8046875,20487.8046875,20487.8046875,0.0,20487.8046875
2012-01-10,20487.8046875,20487.8046875,20487.8046875,20487.8046875,0.0,20487.8046875
2012-01-11,20487.8046875,20487.8046875,20487.8046875,20487.8046875,0.0,20487.8046875
2012-01-12,20487.8046875,20487.8046875,20487.8046875,20487.8046875,0.0,20487.8046875
2012-01-13,20487.8046875,20487.8046875,20487.8046875,20487.8046875,0.0,20487.8046875
2012-01-17,20487.8046875,20487.8046875,20487.8046875,20487.8046875,0.0,20487.8046875
2012-01-18,20487.8046875,20487.8046875,20487.8046875,20487.8046875,0.0,20487.8046875
2012-01-19,20487.8046875,20487.8046875,20487.8046875,20487.8046875,0.0,20487.8046875
2012-01-20,20487.8046875,20487.8046875,20487.8046875,20487.8046875,0.0,20487.8046875
2012-01-23,20487.8046875,20487.8046875,20487.8046875,20487.8046875,0.0,20487.8046875
2012-01-24,20487.8046875,20487.8046875,20487.8046875,20487.8046875,0.0,20487.8046875
2012-01-25,20487.8046875,20487.8046875,20487.8046875,20487.8046875,0.0,20487.8046875
2012-01-26,20487.8046875,20487.8046875,20487.8046875,20487.8046875,0.0,20487.8046875
2012-01-27,20487.8046875,20487.8046875,20487.8046875,20487.8046875,0.0,20487.8046875
2012-01-30,20487.8046875,20487.8046875,20487.8046875,20487.8046875,0.0,20487.8046875
2012-01-31,20487.8046875,20487.8046875,20487.8046875,20487.8046875,0.0,20487.8046875
2012-02-01,20487.8046875,20487.8046875,20487.8046875,20487.8046875,0.0,20487.8046875
2012-02-02,20487.8046875,20487.8046875,20487.8046875,20487.8046875,0.0,20487.8046875
2012-02-03,20487.8046875,20487.8046875,20487.8046875,20487.8046875,0.0,20487.8046875
2012-02-06,20487.8046875,20487.8046875,20487.8046875,20487.8046875,0.0,20487.8046875
2012-02-07,20487.8046875,20487.8046875,20487.8046875,20487.8046875,0.0,20487.8046875
2012-02-08,45073.171875,45073.171875,45073.171875,45073.171875,0.0,45073.171875
2012-02-09,45073.171875,45073.171875,45073.171875,45073.171875,0.0,45073.171875
2012-02-10,45073.171875,45073.171875,45073.171875,45073.171875,0.0,45073.171875
2012-02-13,45073.171875,45073.171875,45073.171875,45073.171875,0.0,45073.171875
2012-02-14,45073.171875,45073.171875,45073.171875,45073.171875,0.0,45073.171875
2012-02-15,45073.171875,45073.171875,45073.171875,45073.171875,0.0,45073.171875
2012-02-16,45073.171875,45073.171875,45073.171875,45073.171875,0.0,45073.171875
2012-02-17,45073.171875,45073.171875,45073.171875,45073.171875,0.0,45073.171875
2012-02-21,45073.171875,45073.171875,45073.171875,45073.171875,0.0,45073.171875
2012-02-22,45073.171875,45073.171875,45073.171875,45073.171875,0.0,45073.171875
2012-02-23,45073.171875,45073.171875,45073.171875,45073.171875,0.0,45073.171875
2012-02-24,45073.171875,45073.171875,45073.171875,45073.171875,0.0,45073.171875
2012-02-27,45073.171875,45073.171875,45073.171875,45073.171875,0.0,45073.171875
2012-02-28,45073.171875,45073.171875,45073.171875,45073.171875,0.0,45073.171875
2012-02-29,45073.171875,45073.171875,45073.171875,45073.171875,0.0,45073.171875
2012-03-01,45073.171875,45073.171875,45073.171875,45073.171875,0.0,45073.171875
2012-03-02,45073.171875,45073.171875,45073.171875,45073.171875,0.0,45073.171875
2012-03-05,45073.171875,45073.171875,45073.171875,45073.171875,0.0,45073.171875
2012-03-06,45073.171875,45073.171875,45073.171875,45073.171875,0.0,45073.171875
2012-03-07,11707.3173828125,11707.3173828125,11707.3173828125,11707.3173828125,0.0,11707.3173828125
2012-03-08,11707.3173828125,11707.3173828125,11707.3173828125,11707.3173828125,0.0,11707.3173828125
2012-03-09,11707.3173828125,11707.3173828125,11707.3173828125,11707.3173828125,0.0,11707.3173828125
2012-03-12,11707.3173828125,11707.3173828125,11707.3173828125,11707.3173828125,0.0,11707.3173828125
2012-03-13,11707.3173828125,11707.3173828125,11707.3173828125,11707.3173828125,0.0,11707.3173828125
2012-03-14,11707.3173828125,11707.3173828125,11707.3173828125,11707.3173828125,0.0,11707.3173828125
2012-03-15,11707.3173828125,11707.3173828125,11707.3173828125,11707.3173828125,0.0,11707.3173828125
2012-03-16,11707.3173828125,11707.3173828125,11707.3173828125,11707.3173828125,0.0,11707.3173828125
2012-03-19,11707.3173828125,11707.3173828125,11707.3173828125,11707.3173828125,0.0,11707.3173828125
2012-03-20,11707.3173828125,11707.3173828125,11707.3173828125,11707.3173828125,0.0,11707.3173828125
2012-03-21,11707.3173828125,11707.3173828125,11707.3173828125,11707.3173828125,0.0,11707.3173828125
2012-03-22,11707.3173828125,11707.3173828125,11707.3173828125,11707.3173828125,0.0,11707.3173828125
2012-03-23,11707.3173828125,11707.3173828125,11707.3173828125,11707.3173828125,0.0,11707.3173828125
2012-03-26,11707.3173828125,11707.3173828125,11707.3173828125,11707.3173828125,0.0,11707.3173828125
2012-03-27,11707.3173828125,11707.3173828125,11707.3173828125,11707.3173828125,0.0,11707.3173828125
2012-03-28,11707.3173828125,11707.3173828125,11707.3173828125,11707.3173828125,0.0,11707.3173828125
2012-03-29,11707.3173828125,11707.3173828125,11707.3173828125,11707.3173828125,0.0,11707.3173828125
2012-03-30,11707.3173828125,11707.3173828125,11707.3173828125,11707.3173828125,0.0,11707.3173828125
2012-04-02,11707.3173828125,11707.3173828125,11707.3173828125,11707.3173828125,0.0,11707.3173828125
2012-04-03,11707.3173828125,11707.3173828125,11707.3173828125,11707.3173828125,0.0,11707.3173828125
2012-04-04,11707.3173828125,11707.3173828125,11707.3173828125,11707.3173828125,0.0,11707.3173828125
2012-04-05,11707.3173828125,11707.3173828125,11707.3173828125,11707.3173828125,0.0,11707.3173828125
2012-04-09,11707.3173828125,11707.3173828125,11707.3173828125,11707.3173828125,0.0,11707.3173828125
2012-04-10,11707.3173828125,11707.3173828125,11707.3173828125,11707.3173828125,0.0,11707.3173828125
2012-04-11,11707.3173828125,11707.3173828125,11707.3173828125,11707.3173828125,0.0,11707.3173828125
2012-04-12,11707.3173828125,11707.3173828125,11707.3173828125,11707.3173828125,0.0,11707.3173828125
2012-04-13,11707.3173828125,11707.3173828125,11707.3173828125,11707.3173828125,0.0,11707.3173828125
2012-04-16,11707.3173828125,11707.3173828125,11707.3173828125,11707.3173828125,0.0,11707.3173828125
2012-04-17,11707.3173828125,11707.3173828125,11707.3173828125,11707.3173828125,0.0,11707.3173828125
2012-04-18,11707.3173828125,11707.3173828125,11707.3173828125,11707.3173828125,0.0,11707.3173828125
2012-04-19,11707.3173828125,11707.3173828125,11707.3173828125,11707.3173828125,0.0,11707.3173828125
2012-04-20,11707.3173828125,11707.3173828125,11707.3173828125,11707.3173828125,0.0,11707.3173828125
2012-04-23,11707.3173828125,11707.3173828125,11707.3173828125,11707.3173828125,0.0,11707.3173828125
2012-04-24,40975.609375,40975.609375,40975.609375,40975.609375,0.0,40975.609375
2012-04-25,40975.609375,40975.609375,40975.609375,40975.609375,0.0,40975.609375
2012-04-26,40975.609375,40975.609375,40975.609375,40975.609375,0.0,40975.609375
2012-04-27,40975.609375,40975.609375,40975.609375,40975.609375,0.0,40975.609375
2012-04-30,40975.609375,40975.609375,40975.609375,40975.609375,0.0,40975.609375
2012-05-01,40975.609375,40975.609375,40975.609375,40975.609375,0.0,40975.609375
2012-05-02,40975.609375,40975.609375,40975.609375,40975.609375,0.0,40975.609375
2012-05-03,40975.609375,40975.609375,40975.609375,40975.609375,0.0,40975.609375
2012-05-04,40975.609375,40975.609375,40975.609375,40975.609375,0.0,40975.609375
2012-05-07,40975.609375,40975.609375,40975.609375,40975.609375,0.0,40975.609375
2012-05-08,40975.609375,40975.609375,40975.609375,40975.609375,0.0,40975.609375
2012-05-09,40975.609375,40975.609375,40975.609375,40975.609375,0.0,40975.609375
2012-05-10,40975.609375,40975.609375,40975.609375,40975.609375,0.0,40975.609375
2012-05-11,40975.609375,40975.609375,40975.609375,40975.609375,0.0,40975.609375
2012-05-14,40975.609375,40975.609375,40975.609375,40975.609375,0.0,40975.609375
2012-05-15,40975.609375,40975.609375,40975.609375,40975.609375,0.0,40975.609375
2012-05-16,40975.609375,40975.609375,40975.609375,40975.609375,0.0,40975.609375
2012-05-17,40975.609375,40975.609375,40975.609375,40975.609375,0.0,40975.609375
2012-05-18,40975.609375,40975.609375,40975.609375,40975.609375,0.0,40975.609375
2012-05-21,40975.609375,40975.609375,40975.609375,40975.609375,0.0,40975.609375
2012-05-22,40975.609375,40975.609375,40975.609375,40975.609375,0.0,40975.609375
2012-05-23,11707.3173828125,11707.3173828125,11707.3173828125,11707.3173828125,0.0,11707.3173828125
2012-05-24,11707.3173828125,11707.3173828125,11707.3173828125,11707.3173828125,0.0,11707.3173828125
2012-05-25,11707.3173828125,11707.3173828125,11707.3173828125,11707.3173828125,0.0,11707.3173828125
2012-05-29,11707.3173828125,11707.3173828125,11707.3173828125,11707.3173828125,0.0,11707.3173828125
2012-05-30,11707.3173828125,11707.3173828125,11707.3173828125,11707.3173828125,0.0,11707.3173828125
2012-05-31,11707.3173828125,11707.3173828125,11707.3173828125,11707.3173828125,0.0,11707.3173828125
2012-06-01,11707.3173828125,11707.3173828125,11707.3173828125,11707.3173828125,0.0,11707.3173828125
2012-06-04,11707.3173828125,11707.3173828125,11707.3173828125,11707.3173828125,0.0,11707.3173828125
2012-06-05,11707.3173828125,11707.3173828125,11707.3173828125,11707.3173828125,0.0,11707.3173828125
2012-06-06,11707.3173828125,11707.3173828125,11707.3173828125,11707.3173828125,0.0,11707.3173828125
2012-06-07,11707.3173828125,11707.3173828125,11707.3173828125,11707.3173828125,0.0,11707.3173828125
2012-06-08,11707.3173828125,11707.3173828125,11707.3173828125,11707.3173828125,0.0,11707.3173828125
2012-06-11,11707.3173828125,11707.3173828125,11707.3173828125,11707.3173828125,0.0,11707.3173828125
2012-06-12,11707.3173828125,11707.3173828125,11707.3173828125,11707.3173828125,0.0,11707.3173828125
2012-06-13,11707.3173828125,11707.3173828125,11707.3173828125,11707.3173828125,0.0,11707.3173828125
2012-06-14,40975.609375,40975.609375,40975.609375,40975.609375,0.0,40975.609375
2012-06-15,40975.609375,40975.609375,40975.609375,40975.609375,0.0,40975.609375
2012-06-18,40975.609375,40975.609375,40975.609375,40975.609375,0.0,40975.609375
2012-06-19,40975.609375,40975.609375,40975.609375,40975.609375,0.0,40975.609375
2012-06-20,40975.609375,40975.609375,40975.609375,40975.609375,0.0,40975.609375
2012-06-21,40975.609375,40975.609375,40975.609375,40975.609375,0.0,40975.609375
2012-06-22,40975.609375,40975.609375,40975.609375,40975.609375,0.0,40975.609375
2012-06-25,40975.609375,40975.609375,40975.609375,40975.609375,0.0,40975.609375
2012-06-26,40975.609375,40975.609375,40975.609375,40975.609375,0.0,40975.609375
2012-06-27,40975.609375,40975.609375,40975.609375,40975.609375,0.0,40975.609375
2012-06-28,40975.609375,40975.609375,40975.609375,40975.609375,0.0,40975.609375
2012-06-29,40975.609375,40975.609375,40975.609375,40975.609375,0.0,40975.609375
2012-07-02,40975.609375,40975.609375,40975.609375,40975.609375,0.0,40975.609375
2012-07-03,40975.609375,40975.609375,40975.609375,40975.609375,0.0,40975.609375
2012-07-05,40975.609375,40975.609375,40975.609375,40975.609375,0.0,40975.609375
2012-07-06,40975.609375,40975.609375,40975.609375,40975.609375,0.0,40975.609375
2012-07-09,40975.609375,40975.609375,40975.609375,40975.609375,0.0,40975.609375
2012-07-10,40975.609375,40975.609375,40975.609375,40975.609375,0.0,40975.609375
2012-07-11,40975.609375,40975.609375,40975.609375,40975.609375,0.0,40975.609375
2012-07-12,40975.609375,40975.609375,40975.609375,40975.609375,0.0,40975.609375
2012-07-13,14634.146484375,14634.146484375,14634.146484375,14634.146484375,0.0,14634.146484375
2012-07-16,14634.146484375,14634.146484375,14634.146484375,14634.146484375,0.0,14634.146484375
2012-07-17,14634.146484375,14634.146484375,14634.146484375,14634.146484375,0.0,14634.146484375
2012-07-18,14634.146484375,14634.146484375,14634.146484375,14634.146484375,0.0,14634.146484375
2012-07-19,14634.146484375,14634.146484375,14634.146484375,14634.146484375,0.0,14634.146484375
2012-07-20,14634.146484375,14634.146484375,14634.146484375,14634.146484375,0.0,14634.146484375
2012-07-23,14634.146484375,14634.146484375,14634.146484375,14634.146484375,0.0,14634.146484375
2012-07-24,14634.146484375,14634.146484375,14634.146484375,14634.146484375,0.0,14634.146484375
2012-07-25,14634.146484375,14634.146484375,14634.146484375,14634.146484375,0.0,14634.146484375
2012-07-26,40975.609375,40975.609375,40975.609375,40975.609375,0.0,40975.609375
2012-07-27,40975.609375,40975.609375,40975.609375,40975.609375,0.0,40975.609375
2012-07-30,40975.609375,40975.609375,40975.609375,40975.609375,0.0,40975.609375
2012-07-31,40975.609375,40975.609375,40975.609375,40975.609375,0.0,40975.609375
2012-08-01,40975.609375,40975.609375,40975.609375,40975.609375,0.0,40975.609375
2012-08-02,40975.609375,40975.609375,40975.609375,40975.609375,0.0,40975.609375
2012-08-03,40975.609375,40975.609375,40975.609375,40975.609375,0.0,40975.609375
2012-08-06,40975.609375,40975.609375,40975.609375,40975.609375,0.0,40975.609375
2012-08-07,40975.609375,40975.609375,40975.609375,40975.609375,0.0,40975.609375
2012-08-08,40975.609375,40975.609375,40975.609375,40975.609375,0.0,40975.609375
2012-08-09,40975.609375,40975.609375,40975.609375,40975.609375,0.0,40975.609375
2012-08-10,40975.609375,40975.609375,40975.609375,40975.609375,0.0,40975.609375
2012-08-13,40975.609375,40975.609375,40975.609375,40975.609375,0.0,40975.609375
2012-08-14,40975.609375,40975.609375,40975.609375,40975.609375,0.0,40975.609375
2012-08-15,40975.609375,40975.609375,40975.609375,40975.609375,0.0,40975.609375
2012-08-16,40975.609375,40975.609375,40975.609375,40975.609375,0.0,40975.609375
2012-08-17,40975.609375,40975.609375,40975.609375,40975.609375,0.0,40975.609375
2012-08-20,40975.609375,40975.609375,40975.609375,40975.609375,0.0,40975.609375
2012-08-21,40975.609375,40975.609375,40975.609375,40975.609375,0.0,40975.609375
2012-08-22,40975.609375,40975.609375,40975.609375,40975.609375,0.0,40975.609375
2012-08-23,40975.609375,40975.609375,40975.609375,40975.609375,0.0,40975.609375
2012-08-24,40975.609375,40975.609375,40975.609375,40975.609375,0.0,40975.609375
2012-08-27,40975.609375,40975.609375,40975.609375,40975.609375,0.0,40975.609375
2012-08-28,40975.609375,40975.609375,40975.609375,40975.609375,0.0,40975.609375
2012-08-29,40975.609375,40975.609375,40975.609375,40975.609375,0.0,40975.609375
2012-08-30,40975.609375,40975.609375,40975.609375,40975.609375,0.0,40975.609375
2012-08-31,40975.609375,40975.609375,40975.609375,40975.609375,0.0,40975.609375
2012-09-04,40975.609375,40975.609375,40975.609375,40975.609375,0.0,40975.609375
2012-09-05,40975.609375,40975.609375,40975.609375,40975.609375,0.0,40975.609375
2012-09-06,40975.609375,40975.609375,40975.609375,40975.609375,0.0,40975.609375
2012-09-07,40975.609375,40975.609375,40975.609375,40975.609375,0.0,40975.609375
2012-09-10,40975.609375,40975.609375,40975.609375,40975.609375,0.0,40975.609375
2012-09-11,40975.609375,40975.609375,40975.609375,40975.609375,0.0,40975.609375
2012-09-12,40975.609375,40975.609375,40975.609375,40975.609375,0.0,40975.609375
2012-09-13,40975.609375,40975.609375,40975.609375,40975.609375,0.0,40975.609375
2012-09-14,40975.609375,40975.609375,40975.609375,40975.609375,0.0,40975.609375
2012-09-17,40975.609375,40975.609375,40975.609375,40975.609375,0.0,40975.609375
2012-09-18,40975.609375,40975.609375,40975.609375,40975.609375,0.0,40975.609375
2012-09-19,40975.609375,40975.609375,40975.609375,40975.609375,0.0,40975.609375
2012-09-20,40975.609375,40975.609375,40975.609375,40975.609375,0.0,40975.609375
2012-09-21,40975.609375,40975.609375,40975.609375,40975.609375,0.0,40975.609375
2012-09-24,40975.609375,40975.609375,40975.609375,40975.609375,0.0,40975.609375
2012-09-25,40975.609375,40975.609375,40975.609375,40975.609375,0.0,40975.609375
2012-09-26,40975.609375,40975.609375,40975.609375,40975.609375,0.0,40975.609375
2012-09-27,40975.609375,40975.609375,40975.609375,40975.609375,0.0,40975.609375
2012-09-28,40975.609375,40975.609375,40975.609375,40975.609375,0.0,40975.609375
2012-10-01,40975.609375,40975.609375,40975.609375,40975.609375,0.0,40975.609375
2012-10-02,40975.609375,40975.609375,40975.609375,40975.609375,0.0,40975.609375
2012-10-03,40975.609375,40975.609375,40975.609375,40975.609375,0.0,40975.609375
2012-10-04,40975.609375,40975.609375,40975.609375,40975.609375,0.0,40975.609375
2012-10-05,40975.609375,40975.609375,40975.609375,40975.609375,0.0,40975.609375
2012-10-08,40975.609375,40975.609375,40975.609375,40975.609375,0.0,40975.609375
2012-10-09,40975.609375,40975.609375,40975.609375,40975.609375,0.0,40975.609375
2012-10-10,40975.609375,40975.609375,40975.609375,40975.609375,0.0,40975.609375
2012-10-11,40975.609375,40975.609375,40975.609375,40975.609375,0.0,40975.609375
2012-10-12,40975.609375,40975.609375,40975.609375,40975.609375,0.0,40975.609375
2012-10-15,40975.609375,40975.609375,40975.609375,40975.609375,0.0,40975.609375
2012-10-16,40975.609375,40975.609375,40975.609375,40975.609375,0.0,40975.609375
2012-10-17,40975.609375,40975.609375,40975.609375,40975.609375,0.0,40975.609375
2012-10-18,40975.609375,40975.609375,40975.609375,40975.609375,0.0,40975.609375
2012-10-19,40975.609375,40975.609375,40975.609375,40975.609375,0.0,40975.609375
2012-10-22,40975.609375,40975.609375,40975.609375,40975.609375,0.0,40975.609375
2012-10-23,40975.609375,40975.609375,40975.609375,40975.609375,0.0,40975.609375
2012-10-24,40975.609375,40975.609375,40975.609375,40975.609375,0.0,40975.609375
2012-10-25,40975.609375,40975.609375,40975.609375,40975.609375,0.0,40975.609375
2012-10-26,40975.609375,40975.609375,40975.609375,40975.609375,0.0,40975.609375
2012-10-31,40975.609375,40975.609375,40975.609375,40975.609375,0.0,40975.609375
2012-11-01,40975.609375,40975.609375,40975.609375,40975.609375,0.0,40975.609375
2012-11-02,40975.609375,40975.609375,40975.609375,40975.609375,0.0,40975.609375
2012-11-05,40975.609375,40975.609375,40975.609375,40975.609375,0.0,40975.609375
2012-11-06,40975.609375,40975.609375,40975.609375,40975.609375,0.0,40975.609375
2012-11-07,40975.609375,40975.609375,40975.609375,40975.609375,0.0,40975.609375
2012-11-08,40975.609375,40975.609375,40975.609375,40975.609375,0.0,40975.609375
2012-11-09,40975.609375,40975.609375,40975.609375,40975.609375,0.0,40975.609375
2012-11-12,40975.609375,40975.609375,40975.609375,40975.609375,0.0,40975.609375
2012-11-13,40975.609375,40975.609375,40975.609375,40975.609375,0.0,40975.609375
2012-11-14,40975.609375,40975.609375,40975.609375,40975.609375,0.0,40975.609375
2012-11-15,40975.609375,40975.609375,40975.609375,40975.609375,0.0,40975.609375
2012-11-16,40975.609375,40975.609375,40975.609375,40975.609375,0.0,40975.609375
2012-11-19,40975.609375,40975.609375,40975.609375,40975.609375,0.0,40975.609375
2012-11-20,40975.609375,40975.609375,40975.609375,40975.609375,0.0,40975.609375
2012-11-21,40975.609375,40975.609375,40975.609375,40975.609375,0.0,40975.609375
2012-11-23,40975.609375,40975.609375,40975.609375,40975.609375,0.0,40975.609375
2012-11-26,40975.609375,40975.609375,40975.609375,40975.609375,0.0,40975.609375
2012-11-27,40975.609375,40975.609375,40975.609375,40975.609375,0.0,40975.609375
2012-11-28,40975.609375,40975.609375,40975.609375,40975.609375,0.0,40975.609375
2012-11-29,40975.609375,40975.609375,40975.609375,40975.609375,0.0,40975.609375
2012-11-30,40975.609375,40975.609375,40975.609375,40975.609375,0.0,40975.609375
2012-12-03,40975.609375,40975.609375,40975.609375,40975.609375,0.0,40975.609375
2012-12-04,40975.609375,40975.609375,40975.609375,40975.609375,0.0,40975.609375
2012-12-05,40975.609375,40975.609375,40975.609375,40975.609375,0.0,40975.609375
2012-12-06,40975.609375,40975.609375,40975.609375,40975.609375,0.0,40975.609375
2012-12-07,40975.609375,40975.609375,40975.609375,40975.609375,0.0,40975.609375
2012-12-10,40975.609375,40975.609375,40975.609375,40975.609375,0.0,40975.609375
2012-12-11,40975.609375,40975.609375,40975.609375,40975.609375,0.0,40975.609375
2012-12-12,40975.609375,40975.609375,40975.609375,40975.609375,0.0,40975.609375
2012-12-13,40975.609375,40975.609375,40975.609375,40975.609375,0.0,40975.609375
2012-12-14,40975.609375,40975.609375,40975.609375,40975.609375,0.0,40975.609375
2012-12-17,40975.609375,40975.609375,40975.609375,40975.609375,0.0,40975.609375
2012-12-18,40975.609375,40975.609375,40975.609375,40975.609375,0.0,40975.609375
2012-12-19,40975.609375,40975.609375,40975.609375,40975.609375,0.0,40975.609375
2012-12-20,40975.609375,40975.609375,40975.609375,40975.609375,0.0,40975.609375
2012-12-21,40975.609375,40975.609375,40975.609375,40975.609375,0.0,40975.609375
2012-12-24,40975.609375,40975.609375,40975.609375,40975.609375,0.0,40975.609375
2012-12-26,40975.609375,40975.609375,40975.609375,40975.609375,0.0,40975.609375
2012-12-27,40975.609375,40975.609375,40975.609375,40975.609375,0.0,40975.609375
2012-12-28,40975.609375,40975.609375,40975.609375,40975.609375,0.0,40975.609375
2012-12-31,40975.609375,40975.609375,40975.609375,40975.609375,0.0,40975.609375
2013-01-02,40975.609375,40975.609375,40975.609375,40975.609375,0.0,40975.609375
2013-01-03,40975.609375,40975.609375,40975.609375,40975.609375,0.0,40975.609375
2013-01-04,40975.609375,40975.609375,40975.609375,40975.609375,0.0,40975.609375
2013-01-07,40975.609375,40975.609375,40975.609375,40975.609375,0.0,40975.609375
2013-01-08,40975.609375,40975.609375,40975.609375,40975.609375,0.0,40975.609375
2013-01-09,40975.609375,40975.609375,40975.609375,40975.609375,0.0,40975.609375
2013-01-10,38048.78125,38048.78125,38048.78125,38048.78125,0.0,38048.78125
2013-01-11,38048.78125,38048.78125,38048.78125,38048.78125,0.0,38048.78125
2013-01-14,38048.78125,38048.78125,38048.78125,38048.78125,0.0,38048.78125
2013-01-15,38048.78125,38048.78125,38048.78125,38048.78125,0.0,38048.78125
2013-01-16,38048.78125,38048.78125,38048.78125,38048.78125,0.0,38048.78125
2013-01-17,38048.78125,38048.78125,38048.78125,38048.78125,0.0,38048.78125
2013-01-18,38048.78125,38048.78125,38048.78125,38048.78125,0.0,38048.78125
2013-01-22,38048.78125,38048.78125,38048.78125,38048.78125,0.0,38048.78125
2013-01-23,38048.78125,38048.78125,38048.78125,38048.78125,0.0,38048.78125
2013-01-24,38048.78125,38048.78125,38048.78125,38048.78125,0.0,38048.78125
2013-01-25,38048.78125,38048.78125,38048.78125,38048.78125,0.0,38048.78125
2013-01-28,38048.78125,38048.78125,38048.78125,38048.78125,0.0,38048.78125
2013-01-29,38048.78125,38048.78125,38048.78125,38048.78125,0.0,38048.78125
2013-01-30,40975.609375,40975.609375,40975.609375,40975.609375,0.0,40975.609375
2013-01-31,40975.609375,40975.609375,40975.609375,40975.609375,0.0,40975.609375
2013-02-01,40975.609375,40975.609375,40975.609375,40975.609375,0.0,40975.609375
2013-02-04,40975.609375,40975.609375,40975.609375,40975.609375,0.0,40975.609375
2013-02-05,40975.609375,40975.609375,40975.609375,40975.609375,0.0,40975.609375
2013-02-06,40975.609375,40975.609375,40975.609375,40975.609375,0.0,40975.609375
2013-02-07,38048.78125,38048.78125,38048.78125,38048.78125,0.0,38048.78125
2013-02-08,38048.78125,38048.78125,38048.78125,38048.78125,0.0,38048.78125
2013-02-11,38048.78125,38048.78125,38048.78125,38048.78125,0.0,38048.78125
2013-02-12,38048.78125,38048.78125,38048.78125,38048.78125,0.0,38048.78125
2013-02-13,38048.78125,38048.78125,38048.78125,38048.78125,0.0,38048.78125
2013-02-14,38048.78125,38048.78125,38048.78125,38048.78125,0.0,38048.78125
2013-02-15,38048.78125,38048.78125,38048.78125,38048.78125,0.0,38048.78125
2013-02-19,38048.78125,38048.78125,38048.78125,38048.78125,0.0,38048.78125
2013-02-20,38048.78125,38048.78125,38048.78125,38048.78125,0.0,38048.78125
2013-02-21,38048.78125,38048.78125,38048.78125,38048.78125,0.0,38048.78125
2013-02-22,38048.78125,38048.78125,38048.78125,38048.78125,0.0,38048.78125
2013-02-25,38048.78125,38048.78125,38048.78125,38048.78125,0.0,38048.78125
2013-02-26,38048.78125,38048.78125,38048.78125,38048.78125,0.0,38048.78125
2013-02-27,40975.609375,40975.609375,40975.609375,40975.609375,0.0,40975.609375
2013-02-28,40975.609375,40975.609375,40975.609375,40975.609375,0.0,40975.609375
2013-03-01,40975.609375,40975.609375,40975.609375,40975.609375,0.0,40975.609375
2013-03-04,40975.609375,40975.609375,40975.609375,40975.609375,0.0,40975.609375
2013-03-05,40975.609375,40975.609375,40975.609375,40975.609375,0.0,40975.609375
2013-03-06,40975.609375,40975.609375,40975.609375,40975.609375,0.0,40975.609375
2013-03-07,40975.609375,40975.609375,40975.609375,40975.609375,0.0,40975.609375
2013-03-08,38634.14453125,38634.14453125,38634.14453125,38634.14453125,0.0,38634.14453125
2013-03-11,38634.14453125,38634.14453125,38634.14453125,38634.14453125,0.0,38634.14453125
2013-03-12,38634.14453125,38634.14453125,38634.14453125,38634.14453125,0.0,38634.14453125
2013-03-13,17560.9765625,17560.9765625,17560.9765625,17560.9765625,0.0,17560.9765625
2013-03-14,17560.9765625,17560.9765625,17560.9765625,17560.9765625,0.0,17560.9765625
2013-03-15,37463.4140625,37463.4140625,37463.4140625,37463.4140625,0.0,37463.4140625
2013-03-18,37463.4140625,37463.4140625,37463.4140625,37463.4140625,0.0,37463.4140625
2013-03-19,37463.4140625,37463.4140625,37463.4140625,37463.4140625,0.0,37463.4140625
2013-03-20,37463.4140625,37463.4140625,37463.4140625,37463.4140625,0.0,37463.4140625
2013-03-21,37463.4140625,37463.4140625,37463.4140625,37463.4140625,0.0,37463.4140625
2013-03-22,37463.4140625,37463.4140625,37463.4140625,37463.4140625,0.0,37463.4140625
2013-03-25,37463.4140625,37463.4140625,37463.4140625,37463.4140625,0.0,37463.4140625
2013-03-26,37463.4140625,37463.4140625,37463.4140625,37463.4140625,0.0,37463.4140625
2013-03-27,37463.4140625,37463.4140625,37463.4140625,37463.4140625,0.0,37463.4140625
2013-03-28,35121.953125,35121.953125,35121.953125,35121.953125,0.0,35121.953125
2013-04-01,35121.953125,35121.953125,35121.953125,35121.953125,0.0,35121.953125
2013-04-02,35121.953125,35121.953125,35121.953125,35121.953125,0.0,35121.953125
2013-04-03,35121.953125,35121.953125,35121.953125,35121.953125,0.0,35121.953125
2013-04-04,35121.953125,35121.953125,35121.953125,35121.953125,0.0,35121.953125
2013-04-05,35121.953125,35121.953125,35121.953125,35121.953125,0.0,35121.953125
2013-04-08,35121.953125,35121.953125,35121.953125,35121.953125,0.0,35121.953125
2013-04-09,35121.953125,35121.953125,35121.953125,35121.953125,0.0,35121.953125
2013-04-10,35121.953125,35121.953125,35121.953125,35121.953125,0.0,35121.953125
2013-04-11,35121.953125,35121.953125,35121.953125,35121.953125,0.0,35121.953125
2013-04-12,35121.953125,35121.953125,35121.953125,35121.953125,0.0,35121.953125
2013-04-15,35121.953125,35121.953125,35121.953125,35121.953125,0.0,35121.953125
2013-04-16,35121.953125,35121.953125,35121.953125,35121.953125,0.0,35121.953125
2013-04-17,35121.953125,35121.953125,35121.953125,35121.953125,0.0,35121.953125
2013-04-18,35121.953125,35121.953125,35121.953125,35121.953125,0.0,35121.953125
2013-04-19,35121.953125,35121.953125,35121.953125,35121.953125,0.0,35121.953125
2013-04-22,35121.953125,35121.953125,35121.953125,35121.953125,0.0,35121.953125
2013-04-23,35121.953125,35121.953125,35121.953125,35121.953125,0.0,35121.953125
2013-04-24,35121.953125,35121.953125,35121.953125,35121.953125,0.0,35121.953125
2013-04-25,35121.953125,35121.953125,35121.953125,35121.953125,0.0,35121.953125
2013-04-26,35121.953125,35121.953125,35121.953125,35121.953125,0.0,35121.953125
2013-04-29,20487.8046875,20487.8046875,20487.8046875,20487.8046875,0.0,20487.8046875
2013-04-30,20487.8046875,20487.8046875,20487.8046875,20487.8046875,0.0,20487.8046875
2013-05-01,20487.8046875,20487.8046875,20487.8046875,20487.8046875,0.0,20487.8046875
2013-05-02,20487.8046875,20487.8046875,20487.8046875,20487.8046875,0.0,20487.8046875
2013-05-03,20487.8046875,20487.8046875,20487.8046875,20487.8046875,0.0,20487.8046875
2013-05-06,17560.9765625,17560.9765625,17560.9765625,17560.9765625,0.0,17560.9765625
2013-05-07,17560.9765625,17560.9765625,17560.9765625,17560.9765625,0.0,17560.9765625
2013-05-08,17560.9765625,17560.9765625,17560.9765625,17560.9765625,0.0,17560.9765625
2013-05-09,17560.9765625,17560.9765625,17560.9765625,17560.9765625,0.0,17560.9765625
2013-05-10,17560.9765625,17560.9765625,17560.9765625,17560.9765625,0.0,17560.9765625
2013-05-13,17560.9765625,17560.9765625,17560.9765625,17560.9765625,0.0,17560.9765625
2013-05-14,17560.9765625,17560.9765625,17560.9765625,17560.9765625,0.0,17560.9765625
2013-05-15,17560.9765625,17560.9765625,17560.9765625,17560.9765625,0.0,17560.9765625
2013-05-16,17560.9765625,17560.9765625,17560.9765625,17560.9765625,0.0,17560.9765625
2013-05-17,17560.9765625,17560.9765625,17560.9765625,17560.9765625,0.0,17560.9765625
2013-05-20,17560.9765625,17560.9765625,17560.9765625,17560.9765625,0.0,17560.9765625
2013-05-21,17560.9765625,17560.9765625,17560.9765625,17560.9765625,0.0,17560.9765625
2013-05-22,17560.9765625,17560.9765625,17560.9765625,17560.9765625,0.0,17560.9765625
2013-05-23,17560.9765625,17560.9765625,17560.9765625,17560.9765625,0.0,17560.9765625
2013-05-24,17560.9765625,17560.9765625,17560.9765625,17560.9765625,0.0,17560.9765625
2013-05-28,17560.9765625,17560.9765625,17560.9765625,17560.9765625,0.0,17560.9765625
2013-05-29,17560.9765625,17560.9765625,17560.9765625,17560.9765625,0.0,17560.9765625
2013-05-30,17560.9765625,17560.9765625,17560.9765625,17560.9765625,0.0,17560.9765625
2013-05-31,17560.9765625,17560.9765625,17560.9765625,17560.9765625,0.0,17560.9765625
2013-06-03,17560.9765625,17560.9765625,17560.9765625,17560.9765625,0.0,17560.9765625
2013-06-04,17560.9765625,17560.9765625,17560.9765625,17560.9765625,0.0,17560.9765625
2013-06-05,17560.9765625,17560.9765625,17560.9765625,17560.9765625,0.0,17560.9765625
2013-06-06,17560.9765625,17560.9765625,17560.9765625,17560.9765625,0.0,17560.9765625
2013-06-07,17560.9765625,17560.9765625,17560.9765625,17560.9765625,0.0,17560.9765625
2013-06-10,17560.9765625,17560.9765625,17560.9765625,17560.9765625,0.0,17560.9765625
2013-06-11,14634.146484375,14634.146484375,14634.146484375,14634.146484375,0.0,14634.146484375
2013-06-12,14634.146484375,14634.146484375,14634.146484375,14634.146484375,0.0,14634.146484375
2013-06-13,14634.146484375,14634.146484375,14634.146484375,14634.146484375,0.0,14634.146484375
2013-06-14,14634.146484375,14634.146484375,14634.146484375,14634.146484375,0.0,14634.146484375
2013-06-17,14634.146484375,14634.146484375,14634.146484375,14634.146484375,0.0,14634.146484375
2013-06-18,14634.146484375,14634.146484375,14634.146484375,14634.146484375,0.0,14634.146484375
2013-06-19,14634.146484375,14634.146484375,14634.146484375,14634.146484375,0.0,14634.146484375
2013-06-20,14634.146484375,14634.146484375,14634.146484375,14634.146484375,0.0,14634.146484375
2013-06-21,14634.146484375,14634.146484375,14634.146484375,14634.146484375,0.0,14634.146484375
2013-06-24,14634.146484375,14634.146484375,14634.146484375,14634.146484375,0.0,14634.146484375
2013-06-25,14634.146484375,14634.146484375,14634.146484375,14634.146484375,0.0,14634.146484375
2013-06-26,14634.146484375,14634.146484375,14634.146484375,14634.146484375,0.0,14634.146484375
2013-06-27,14634.146484375,14634.146484375,14634.146484375,14634.146484375,0.0,14634.146484375
2013-06-28,14634.146484375,14634.146484375,14634.146484375,14634.146484375,0.0,14634.146484375
2013-07-01,14634.146484375,14634.146484375,14634.146484375,14634.146484375,0.0,14634.146484375
2013-07-02,14634.146484375,14634.146484375,14634.146484375,14634.146484375,0.0,14634.146484375
2013-07-03,14634.146484375,14634.146484375,14634.146484375,14634.146484375,0.0,14634.146484375
2013-07-05,14634.146484375,14634.146484375,14634.146484375,14634.146484375,0.0,14634.146484375
2013-07-08,14634.146484375,14634.146484375,14634.146484375,14634.146484375,0.0,14634.146484375
2013-07-09,14634.146484375,14634.146484375,14634.146484375,14634.146484375,0.0,14634.146484375
2013-07-10,14634.146484375,14634.146484375,14634.146484375,14634.146484375,0.0,14634.146484375
2013-07-11,14634.146484375,14634.146484375,14634.146484375,14634.146484375,0.0,14634.146484375
2013-07-12,14634.146484375,14634.146484375,14634.146484375,14634.146484375,0.0,14634.146484375
2013-07-15,14634.146484375,14634.146484375,14634.146484375,14634.146484375,0.0,14634.146484375
2013-07-16,14634.146484375,14634.146484375,14634.146484375,14634.146484375,0.0,14634.146484375
2013-07-17,14634.146484375,14634.146484375,14634.146484375,14634.146484375,0.0,14634.146484375
2013-07-18,14634.146484375,14634.146484375,14634.146484375,14634.146484375,0.0,14634.146484375
2013-07-19,14634.146484375,14634.146484375,14634.146484375,14634.146484375,0.0,14634.146484375
2013-07-22,14634.146484375,14634.146484375,14634.146484375,14634.146484375,0.0,14634.146484375
2013-07-23,11707.3173828125,11707.3173828125,11707.3173828125,11707.3173828125,0.0,11707.3173828125
2013-07-24,11707.3173828125,11707.3173828125,11707.3173828125,11707.3173828125,0.0,11707.3173828125
2013-07-25,11707.3173828125,11707.3173828125,11707.3173828125,11707.3173828125,0.0,11707.3173828125
2013-07-26,11707.3173828125,11707.3173828125,11707.3173828125,11707.3173828125,0.0,11707.3173828125
2013-07-29,11707.3173828125,11707.3173828125,11707.3173828125,11707.3173828125,0.0,11707.3173828125
2013-07-30,11707.3173828125,11707.3173828125,11707.3173828125,11707.3173828125,0.0,11707.3173828125
2013-07-31,11707.3173828125,11707.3173828125,11707.3173828125,11707.3173828125,0.0,11707.3173828125
2013-08-01,11707.3173828125,11707.3173828125,11707.3173828125,11707.3173828125,0.0,11707.3173828125
2013-08-02,11707.3173828125,11707.3173828125,11707.3173828125,11707.3173828125,0.0,11707.3173828125
2013-08-05,11707.3173828125,11707.3173828125,11707.3173828125,11707.3173828125,0.0,11707.3173828125
2013-08-06,11707.3173828125,11707.3173828125,11707.3173828125,11707.3173828125,0.0,11707.3173828125
2013-08-07,11707.3173828125,11707.3173828125,11707.3173828125,11707.3173828125,0.0,11707.3173828125
2013-08-08,11707.3173828125,11707.3173828125,11707.3173828125,11707.3173828125,0.0,11707.3173828125
2013-08-09,11707.3173828125,11707.3173828125,11707.3173828125,11707.3173828125,0.0,11707.3173828125
2013-08-12,11707.3173828125,11707.3173828125,11707.3173828125,11707.3173828125,0.0,11707.3173828125
2013-08-13,11707.3173828125,11707.3173828125,11707.3173828125,11707.3173828125,0.0,11707.3173828125
2013-08-14,11707.3173828125,11707.3173828125,11707.3173828125,11707.3173828125,0.0,11707.3173828125
2013-08-15,11707.3173828125,11707.3173828125,11707.3173828125,11707.3173828125,0.0,11707.3173828125
2013-08-16,11707.3173828125,11707.3173828125,11707.3173828125,11707.3173828125,0.0,11707.3173828125
2013-08-19,11707.3173828125,11707.3173828125,11707.3173828125,11707.3173828125,0.0,11707.3173828125
2013-08-20,11707.3173828125,11707.3173828125,11707.3173828125,11707.3173828125,0.0,11707.3173828125
2013-08-21,11707.3173828125,11707.3173828125,11707.3173828125,11707.3173828125,0.0,11707.3173828125
2013-08-22,11707.3173828125,11707.3173828125,11707.3173828125,11707.3173828125,0.0,11707.3173828125
2013-08-23,11707.3173828125,11707.3173828125,11707.3173828125,11707.3173828125,0.0,11707.3173828125
2013-08-26,11707.3173828125,11707.3173828125,11707.3173828125,11707.3173828125,0.0,11707.3173828125
2013-08-27,11707.3173828125,11707.3173828125,11707.3173828125,11707.3173828125,0.0,11707.3173828125
2013-08-28,11707.3173828125,11707.3173828125,11707.3173828125,11707.3173828125,0.0,11707.3173828125
2013-08-29,11707.3173828125,11707.3173828125,11707.3173828125,11707.3173828125,0.0,11707.3173828125
2013-08-30,11707.3173828125,11707.3173828125,11707.3173828125,11707.3173828125,0.0,11707.3173828125
2013-09-03,11707.3173828125,11707.3173828125,11707.3173828125,11707.3173828125,0.0,11707.3173828125
2013-09-04,11707.3173828125,11707.3173828125,11707.3173828125,11707.3173828125,0.0,11707.3173828125
2013-09-05,11707.3173828125,11707.3173828125,11707.3173828125,11707.3173828125,0.0,11707.3173828125
2013-09-06,11707.3173828125,11707.3173828125,11707.3173828125,11707.3173828125,0.0,11707.3173828125
2013-09-09,11707.3173828125,11707.3173828125,11707.3173828125,11707.3173828125,0.0,11707.3173828125
2013-09-10,11707.3173828125,11707.3173828125,11707.3173828125,11707.3173828125,0.0,11707.3173828125
2013-09-11,11707.3173828125,11707.3173828125,11707.3173828125,11707.3173828125,0.0,11707.3173828125
2013-09-12,11707.3173828125,11707.3173828125,11707.3173828125,11707.3173828125,0.0,11707.3173828125
2013-09-13,11707.3173828125,11707.3173828125,11707.3173828125,11707.3173828125,0.0,11707.3173828125
2013-09-16,11707.3173828125,11707.3173828125,11707.3173828125,11707.3173828125,0.0,11707.3173828125
2013-09-17,11707.3173828125,11707.3173828125,11707.3173828125,11707.3173828125,0.0,11707.3173828125
2013-09-18,11707.3173828125,11707.3173828125,11707.3173828125,11707.3173828125,0.0,11707.3173828125
2013-09-19,11707.3173828125,11707.3173828125,11707.3173828125,11707.3173828125,0.0,11707.3173828125
2013-09-20,11707.3173828125,11707.3173828125,11707.3173828125,11707.3173828125,0.0,11707.3173828125
2013-09-23,11707.3173828125,11707.3173828125,11707.3173828125,11707.3173828125,0.0,11707.3173828125
2013-09-24,11707.3173828125,11707.3173828125,11707.3173828125,11707.3173828125,0.0,11707.3173828125
2013-09-25,11707.3173828125,11707.3173828125,11707.3173828125,11707.3173828125,0.0,11707.3173828125
2013-09-26,11707.3173828125,11707.3173828125,11707.3173828125,11707.3173828125,0.0,11707.3173828125
2013-09-27,11707.3173828125,11707.3173828125,11707.3173828125,11707.3173828125,0.0,11707.3173828125
2013-09-30,11707.3173828125,11707.3173828125,11707.3173828125,11707.3173828125,0.0,11707.3173828125
2013-10-01,11707.3173828125,11707.3173828125,11707.3173828125,11707.3173828125,0.0,11707.3173828125
2013-10-02,11707.3173828125,11707.3173828125,11707.3173828125,11707.3173828125,0.0,11707.3173828125
2013-10-03,11707.3173828125,11707.3173828125,11707.3173828125,11707.3173828125,0.0,11707.3173828125
2013-10-04,11707.3173828125,11707.3173828125,11707.3173828125,11707.3173828125,0.0,11707.3173828125
2013-10-07,11707.3173828125,11707.3173828125,11707.3173828125,11707.3173828125,0.0,11707.3173828125
2013-10-08,11707.3173828125,11707.3173828125,11707.3173828125,11707.3173828125,0.0,11707.3173828125
2013-10-09,11707.3173828125,11707.3173828125,11707.3173828125,11707.3173828125,0.0,11707.3173828125
2013-10-10,11707.3173828125,11707.3173828125,11707.3173828125,11707.3173828125,0.0,11707.3173828125
2013-10-11,11707.3173828125,11707.3173828125,11707.3173828125,11707.3173828125,0.0,11707.3173828125
2013-10-14,11707.3173828125,11707.3173828125,11707.3173828125,11707.3173828125,0.0,11707.3173828125
2013-10-15,11707.3173828125,11707.3173828125,11707.3173828125,11707.3173828125,0.0,11707.3173828125
2013-10-16,11707.3173828125,11707.3173828125,11707.3173828125,11707.3173828125,0.0,11707.3173828125
2013-10-17,11707.3173828125,11707.3173828125,11707.3173828125,11707.3173828125,0.0,11707.3173828125
2013-10-18,11707.3173828125,11707.3173828125,11707.3173828125,11707.3173828125,0.0,11707.3173828125
2013-10-21,11707.3173828125,11707.3173828125,11707.3173828125,11707.3173828125,0.0,11707.3173828125
2013-10-22,20487.8046875,20487.8046875,20487.8046875,20487.8046875,0.0,20487.8046875
2013-10-23,20487.8046875,20487.8046875,20487.8046875,20487.8046875,0.0,20487.8046875
2013-10-24,20487.8046875,20487.8046875,20487.8046875,20487.8046875,0.0,20487.8046875
2013-10-25,20487.8046875,20487.8046875,20487.8046875,20487.8046875,0.0,20487.8046875
2013-10-28,20487.8046875,20487.8046875,20487.8046875,20487.8046875,0.0,20487.8046875
2013-10-29,20487.8046875,20487.8046875,20487.8046875,20487.8046875,0.0,20487.8046875
2013-10-30,20487.8046875,20487.8046875,20487.8046875,20487.8046875,0.0,20487.8046875
2013-10-31,20487.8046875,20487.8046875,20487.8046875,20487.8046875,0.0,20487.8046875
2013-11-01,20487.8046875,20487.8046875,20487.8046875,20487.8046875,0.0,20487.8046875
2013-11-04,20487.8046875,20487.8046875,20487.8046875,20487.8046875,0.0,20487.8046875
2013-11-05,20487.8046875,20487.8046875,20487.8046875,20487.8046875,0.0,20487.8046875
2013-11-06,20487.8046875,20487.8046875,20487.8046875,20487.8046875,0.0,20487.8046875
2013-11-07,20487.8046875,20487.8046875,20487.8046875,20487.8046875,0.0,20487.8046875
2013-11-08,20487.8046875,20487.8046875,20487.8046875,20487.8046875,0.0,20487.8046875
2013-11-11,20487.8046875,20487.8046875,20487.8046875,20487.8046875,0.0,20487.8046875
2013-11-12,20487.8046875,20487.8046875,20487.8046875,20487.8046875,0.0,20487.8046875
2013-11-13,20487.8046875,20487.8046875,20487.8046875,20487.8046875,0.0,20487.8046875
2013-11-14,20487.8046875,20487.8046875,20487.8046875,20487.8046875,0.0,20487.8046875
2013-11-15,20487.8046875,20487.8046875,20487.8046875,20487.8046875,0.0,20487.8046875
2013-11-18,20487.8046875,20487.8046875,20487.8046875,20487.8046875,0.0,20487.8046875
2013-11-19,20487.8046875,20487.8046875,20487.8046875,20487.8046875,0.0,20487.8046875
2013-11-20,20487.8046875,20487.8046875,20487.8046875,20487.8046875,0.0,20487.8046875
2013-11-21,20487.8046875,20487.8046875,20487.8046875,20487.8046875,0.0,20487.8046875
2013-11-22,20487.8046875,20487.8046875,20487.8046875,20487.8046875,0.0,20487.8046875
2013-11-25,20487.8046875,20487.8046875,20487.8046875,20487.8046875,0.0,20487.8046875
2013-11-26,20487.8046875,20487.8046875,20487.8046875,20487.8046875,0.0,20487.8046875
2013-11-27,20487.8046875,20487.8046875,20487.8046875,20487.8046875,0.0,20487.8046875
2013-11-29,20487.8046875,20487.8046875,20487.8046875,20487.8046875,0.0,20487.8046875
2013-12-02,20487.8046875,20487.8046875,20487.8046875,20487.8046875,0.0,20487.8046875
2013-12-03,20487.8046875,20487.8046875,20487.8046875,20487.8046875,0.0,20487.8046875
2013-12-04,20487.8046875,20487.8046875,20487.8046875,20487.8046875,0.0,20487.8046875
2013-12-05,20487.8046875,20487.8046875,20487.8046875,20487.8046875,0.0,20487.8046875
2013-12-06,20487.8046875,20487.8046875,20487.8046875,20487.8046875,0.0,20487.8046875
2013-12-09,20487.8046875,20487.8046875,20487.8046875,20487.8046875,0.0,20487.8046875
2013-12-10,20487.8046875,20487.8046875,20487.8046875,20487.8046875,0.0,20487.8046875
2013-12-11,20487.8046875,20487.8046875,20487.8046875,20487.8046875,0.0,20487.8046875
2013-12-12,20487.8046875,20487.8046875,20487.8046875,20487.8046875,0.0,20487.8046875
2013-12-13,20487.8046875,20487.8046875,20487.8046875,20487.8046875,0.0,20487.8046875
2013-12-16,20487.8046875,20487.8046875,20487.8046875,20487.8046875,0.0,20487.8046875
2013-12-17,20487.8046875,20487.8046875,20487.8046875,20487.8046875,0.0,20487.8046875
2013-12-18,20487.8046875,20487.8046875,20487.8046875,20487.8046875,0.0,20487.8046875
2013-12-19,20487.8046875,20487.8046875,20487.8046875,20487.8046875,0.0,20487.8046875
2013-12-20,20487.8046875,20487.8046875,20487.8046875,20487.8046875,0.0,20487.8046875
2013-12-23,20487.8046875,20487.8046875,20487.8046875,20487.8046875,0.0,20487.8046875
2013-12-24,20487.8046875,20487.8046875,20487.8046875,20487.8046875,0.0,20487.8046875
2013-12-26,20487.8046875,20487.8046875,20487.8046875,20487.8046875,0.0,20487.8046875
2013-12-27,20487.8046875,20487.8046875,20487.8046875,20487.8046875,0.0,20487.8046875
2013-12-30,20487.8046875,20487.8046875,20487.8046875,20487.8046875,0.0,20487.8046875
2013-12-31,20487.8046875,20487.8046875,20487.8046875,20487.8046875,0.0,20487.8046875
2014-01-02,20487.8046875,20487.8046875,20487.8046875,20487.8046875,0.0,20487.8046875
2014-01-03,20487.8046875,20487.8046875,20487.8046875,20487.8046875,0.0,20487.8046875
2014-01-06,20487.8046875,20487.8046875,20487.8046875,20487.8046875,0.0,20487.8046875
2014-01-07,20487.8046875,20487.8046875,20487.8046875,20487.8046875,0.0,20487.8046875
2014-01-08,20487.8046875,20487.8046875,20487.8046875,20487.8046875,0.0,20487.8046875
2014-01-09,20487.8046875,20487.8046875,20487.8046875,20487.8046875,0.0,20487.8046875
2014-01-10,20487.8046875,20487.8046875,20487.8046875,20487.8046875,0.0,20487.8046875
2014-01-13,20487.8046875,20487.8046875,20487.8046875,20487.8046875,0.0,20487.8046875
2014-01-14,20487.8046875,20487.8046875,20487.8046875,20487.8046875,0.0,20487.8046875
2014-01-15,20487.8046875,20487.8046875,20487.8046875,20487.8046875,0.0,20487.8046875
2014-01-16,20487.8046875,20487.8046875,20487.8046875,20487.8046875,0.0,20487.8046875
2014-01-17,20487.8046875,20487.8046875,20487.8046875,20487.8046875,0.0,20487.8046875
2014-01-21,20487.8046875,20487.8046875,20487.8046875,20487.8046875,0.0,20487.8046875
2014-01-22,20487.8046875,20487.8046875,20487.8046875,20487.8046875,0.0,20487.8046875
2014-01-23,20487.8046875,20487.8046875,20487.8046875,20487.8046875,0.0,20487.8046875
2014-01-24,20487.8046875,20487.8046875,20487.8046875,20487.8046875,0.0,20487.8046875
2014-01-27,20487.8046875,20487.8046875,20487.8046875,20487.8046875,0.0,20487.8046875
2014-01-28,20487.8046875,20487.8046875,20487.8046875,20487.8046875,0.0,20487.8046875
2014-01-29,20487.8046875,20487.8046875,20487.8046875,20487.8046875,0.0,20487.8046875
2014-01-30,20487.8046875,20487.8046875,20487.8046875,20487.8046875,0.0,20487.8046875
2014-01-31,20487.8046875,20487.8046875,20487.8046875,20487.8046875,0.0,20487.8046875
2014-02-03,20487.8046875,20487.8046875,20487.8046875,20487.8046875,0.0,20487.8046875
2014-02-04,20487.8046875,20487.8046875,20487.8046875,20487.8046875,0.0,20487.8046875
2014-02-05,20487.8046875,20487.8046875,20487.8046875,20487.8046875,0.0,20487.8046875
2014-02-06,20487.8046875,20487.8046875,20487.8046875,20487.8046875,0.0,20487.8046875
2014-02-07,20487.8046875,20487.8046875,20487.8046875,20487.8046875,0.0,20487.8046875
2014-02-10,20487.8046875,20487.8046875,20487.8046875,20487.8046875,0.0,20487.8046875
2014-02-11,20487.8046875,20487.8046875,20487.8046875,20487.8046875,0.0,20487.8046875
2014-02-12,20487.8046875,20487.8046875,20487.8046875,20487.8046875,0.0,20487.8046875
2014-02-13,20487.8046875,20487.8046875,20487.8046875,20487.8046875,0.0,20487.8046875
2014-02-14,20487.8046875,20487.8046875,20487.8046875,20487.8046875,0.0,20487.8046875
2014-02-18,20487.8046875,20487.8046875,20487.8046875,20487.8046875,0.0,20487.8046875
2014-02-19,20487.8046875,20487.8046875,20487.8046875,20487.8046875,0.0,20487.8046875
2014-02-20,20487.8046875,20487.8046875,20487.8046875,20487.8046875,0.0,20487.8046875
2014-02-21,20487.8046875,20487.8046875,20487.8046875,20487.8046875,0.0,20487.8046875
2014-02-24,20487.8046875,20487.8046875,20487.8046875,20487.8046875,0.0,20487.8046875
2014-02-25,20487.8046875,20487.8046875,20487.8046875,20487.8046875,0.0,20487.8046875
2014-02-26,20487.8046875,20487.8046875,20487.8046875,20487.8046875,0.0,20487.8046875
2014-02-27,20487.8046875,20487.8046875,20487.8046875,20487.8046875,0.0,20487.8046875
2014-02-28,20487.8046875,20487.8046875,20487.8046875,20487.8046875,0.0,20487.8046875
2014-03-03,20487.8046875,20487.8046875,20487.8046875,20487.8046875,0.0,20487.8046875
2014-03-04,20487.8046875,20487.8046875,20487.8046875,20487.8046875,0.0,20487.8046875
2014-03-05,20487.8046875,20487.8046875,20487.8046875,20487.8046875,0.0,20487.8046875
2014-03-06,20487.8046875,20487.8046875,20487.8046875,20487.8046875,0.0,20487.8046875
2014-03-07,20487.8046875,20487.8046875,20487.8046875,20487.8046875,0.0,20487.8046875
2014-03-10,20487.8046875,20487.8046875,20487.8046875,20487.8046875,0.0,20487.8046875
2014-03-11,18731.70703125,18731.70703125,18731.70703125,18731.70703125,0.0,18731.70703125
2014-03-12,29268.29296875,29268.29296875,29268.29296875,29268.29296875,0.0,29268.29296875
2014-03-13,29268.29296875,29268.29296875,29268.29296875,29268.29296875,0.0,29268.29296875
2014-03-14,29268.29296875,29268.29296875,29268.29296875,29268.29296875,0.0,29268.29296875
2014-03-17,29268.29296875,29268.29296875,29268.29296875,29268.29296875,0.0,29268.29296875
2014-03-18,29268.29296875,29268.29296875,29268.29296875,29268.29296875,0.0,29268.29296875
2014-03-19,29268.29296875,29268.29296875,29268.29296875,29268.29296875,0.0,29268.29296875
2014-03-20,29268.29296875,29268.29296875,29268.29296875,29268.29296875,0.0,29268.29296875
2014-03-21,29268.29296875,29268.29296875,29268.29296875,29268.29296875,0.0,29268.29296875
2014-03-24,29268.29296875,29268.29296875,29268.29296875,29268.29296875,0.0,29268.29296875
2014-03-25,29268.29296875,29268.29296875,29268.29296875,29268.29296875,0.0,29268.29296875
2014-03-26,29268.29296875,29268.29296875,29268.29296875,29268.29296875,0.0,29268.29296875
2014-03-27,29268.29296875,29268.29296875,29268.29296875,29268.29296875,0.0,29268.29296875
2014-03-28,29268.29296875,15219.51171875,15219.51171875,29268.29296875,0.0,29268.29296875
2014-03-31,29268.29296875,29268.29296875,29268.29296875,29268.29296875,0.0,29268.29296875
2014-04-01,29268.29296875,29268.29296875,29268.29296875,29268.29296875,0.0,29268.29296875
2014-04-02,23414.634765625,23414.634765625,23414.634765625,23414.634765625,0.0,23414.634765625
2014-04-03,23414.634765625,23414.634765625,23414.634765625,23414.634765625,0.0,23414.634765625
2014-04-04,23414.634765625,23414.634765625,23414.634765625,23414.634765625,0.0,23414.634765625
2014-04-07,17560.9765625,17560.9765625,17560.9765625,17560.9765625,0.0,17560.9765625
2014-04-08,17560.9765625,17560.9765625,17560.9765625,17560.9765625,0.0,17560.9765625
2014-04-09,17560.9765625,17560.9765625,17560.9765625,17560.9765625,0.0,17560.9765625
2014-04-10,17560.9765625,17560.9765625,17560.9765625,17560.9765625,0.0,17560.9765625
2014-04-11,17560.9765625,17560.9765625,17560.9765625,17560.9765625,0.0,17560.9765625
2014-04-14,17560.9765625,17560.9765625,17560.9765625,17560.9765625,0.0,17560.9765625
2014-04-15,17560.9765625,17560.9765625,17560.9765625,17560.9765625,0.0,17560.9765625
2014-04-16,17560.9765625,17560.9765625,17560.9765625,17560.9765625,0.0,17560.9765625
2014-04-17,16390.244140625,14634.146484375,16390.244140625,14634.146484375,0.0,14634.146484375
2014-04-21,49756.09765625,26341.462890625,26341.462890625,32195.12109375,0.0,32195.12109375
2014-04-22,39804.87890625,35121.953125,35121.953125,35707.31640625,0.0,35707.31640625
2014-04-23,49756.09765625,32195.12109375,43902.4375,32780.48828125,0.0,32780.48828125
2014-04-24,32780.48828125,32780.48828125,32780.48828125,32780.48828125,0.0,32780.48828125
2014-04-25,32195.12109375,32195.12109375,32195.12109375,32195.12109375,0.0,32195.12109375
2014-04-28,32195.12109375,32195.12109375,32195.12109375,32195.12109375,0.0,32195.12109375
2014-04-29,30439.0234375,29853.658203125,30439.0234375,29853.658203125,0.0,29853.658203125
2014-04-30,29853.658203125,29853.658203125,29853.658203125,29853.658203125,0.0,29853.658203125
2014-05-01,29268.29296875,27512.1953125,27512.1953125,29268.29296875,0.0,29268.29296875
2014-05-02,25756.09765625,25756.09765625,25756.09765625,25756.09765625,0.0,25756.09765625
2014-05-05,25756.09765625,23414.634765625,25756.09765625,23414.634765625,0.0,23414.634765625
2014-05-06,20487.8046875,20487.8046875,20487.8046875,20487.8046875,0.0,20487.8046875
2014-05-07,20487.8046875,20487.8046875,20487.8046875,20487.8046875,0.0,20487.8046875
2014-05-08,18731.70703125,18731.70703125,18731.70703125,18731.70703125,0.0,18731.70703125
2014-05-09,18146.341796875,18146.341796875,18146.341796875,18146.341796875,0.0,18146.341796875
2014-05-12,18731.70703125,16975.609375,16975.609375,18731.70703125,0.0,18731.70703125
2014-05-13,18731.70703125,18731.70703125,18731.70703125,18731.70703125,0.0,18731.70703125
2014-05-14,17560.9765625,17560.9765625,17560.9765625,17560.9765625,0.0,17560.9765625
2014-05-15,17560.9765625,17560.9765625,17560.9765625,17560.9765625,0.0,17560.9765625
2014-05-16,17560.9765625,17560.9765625,17560.9765625,17560.9765625,0.0,17560.9765625
2014-05-19,17560.9765625,17560.9765625,17560.9765625,17560.9765625,0.0,17560.9765625
2014-05-20,17560.9765625,15804.8779296875,17560.9765625,16390.244140625,0.0,16390.244140625
2014-05-21,16390.244140625,15804.8779296875,15804.8779296875,16390.244140625,0.0,16390.244140625
2014-05-22,16390.244140625,16390.244140625,16390.244140625,16390.244140625,0.0,16390.244140625
2014-05-23,17560.9765625,17560.9765625,17560.9765625,17560.9765625,0.0,17560.9765625
2014-05-27,16390.244140625,16390.244140625,16390.244140625,16390.244140625,0.0,16390.244140625
2014-05-28,16975.609375,16975.609375,16975.609375,16975.609375,0.0,16975.609375
2014-05-29,16975.609375,16975.609375,16975.609375,16975.609375,0.0,16975.609375
2014-05-30,16975.609375,14634.146484375,14634.146484375,16975.609375,0.0,16975.609375
2014-06-02,16975.609375,16975.609375,16975.609375,16975.609375,0.0,16975.609375
2014-06-03,15219.51171875,12878.048828125,15219.51171875,12878.048828125,0.0,12878.048828125
2014-06-04,12878.048828125,12878.048828125,12878.048828125,12878.048828125,0.0,12878.048828125
2014-06-05,12878.048828125,12878.048828125,12878.048828125,12878.048828125,0.0,12878.048828125
2014-06-06,12292.6826171875,11707.3173828125,12292.6826171875,11707.3173828125,0.0,11707.3173828125
2014-06-09,11707.3173828125,11707.3173828125,11707.3173828125,11707.3173828125,0.0,11707.3173828125
2014-06-10,11707.3173828125,11707.3173828125,11707.3173828125,11707.3173828125,0.0,11707.3173828125
2014-06-11,11707.3173828125,11707.3173828125,11707.3173828125,11707.3173828125,0.0,11707.3173828125
2014-06-12,11707.3173828125,11707.3173828125,11707.3173828125,11707.3173828125,0.0,11707.3173828125
2014-06-13,11707.3173828125,11707.3173828125,11707.3173828125,11707.3173828125,0.0,11707.3173828125
2014-06-16,11707.3173828125,11707.3173828125,11707.3173828125,11707.3173828125,0.0,11707.3173828125
2014-06-17,11707.3173828125,11707.3173828125,11707.3173828125,11707.3173828125,0.0,11707.3173828125
2014-06-18,11707.3173828125,11707.3173828125,11707.3173828125,11707.3173828125,0.0,11707.3173828125
2014-06-19,11707.3173828125,11707.3173828125,11707.3173828125,11707.3173828125,0.0,11707.3173828125
2014-06-20,11707.3173828125,11707.3173828125,11707.3173828125,11707.3173828125,0.0,11707.3173828125
2014-06-23,11707.3173828125,11707.3173828125,11707.3173828125,11707.3173828125,0.0,11707.3173828125
2014-06-24,11707.3173828125,11707.3173828125,11707.3173828125,11707.3173828125,0.0,11707.3173828125
2014-06-25,11707.3173828125,11707.3173828125,11707.3173828125,11707.3173828125,0.0,11707.3173828125
2014-06-26,11707.3173828125,11707.3173828125,11707.3173828125,11707.3173828125,0.0,11707.3173828125
2014-06-27,11707.3173828125,11707.3173828125,11707.3173828125,11707.3173828125,0.0,11707.3173828125
2014-06-30,11707.3173828125,11707.3173828125,11707.3173828125,11707.3173828125,0.0,11707.3173828125
2014-07-01,11707.3173828125,11707.3173828125,11707.3173828125,11707.3173828125,0.0,11707.3173828125
2014-07-02,11707.3173828125,11707.3173828125,11707.3173828125,11707.3173828125,0.0,11707.3173828125
2014-07-03,11707.3173828125,11707.3173828125,11707.3173828125,11707.3173828125,0.0,11707.3173828125
2014-07-07,11707.3173828125,11707.3173828125,11707.3173828125,11707.3173828125,0.0,11707.3173828125
2014-07-08,11707.3173828125,11707.3173828125,11707.3173828125,11707.3173828125,0.0,11707.3173828125
2014-07-09,11707.3173828125,11707.3173828125,11707.3173828125,11707.3173828125,0.0,11707.3173828125
2014-07-10,11707.3173828125,11707.3173828125,11707.3173828125,11707.3173828125,0.0,11707.3173828125
2014-07-11,11707.3173828125,11707.3173828125,11707.3173828125,11707.3173828125,0.0,11707.3173828125
2014-07-14,11707.3173828125,11707.3173828125,11707.3173828125,11707.3173828125,0.0,11707.3173828125
2014-07-15,11707.3173828125,11707.3173828125,11707.3173828125,11707.3173828125,0.0,11707.3173828125
2014-07-16,11707.3173828125,11707.3173828125,11707.3173828125,11707.3173828125,0.0,11707.3173828125
2014-07-17,11707.3173828125,11707.3173828125,11707.3173828125,11707.3173828125,0.0,11707.3173828125
2014-07-18,11707.3173828125,11707.3173828125,11707.3173828125,11707.3173828125,0.0,11707.3173828125
2014-07-21,11707.3173828125,11707.3173828125,11707.3173828125,11707.3173828125,0.0,11707.3173828125
2014-07-22,11707.3173828125,11707.3173828125,11707.3173828125,11707.3173828125,0.0,11707.3173828125
2014-07-23,11707.3173828125,11707.3173828125,11707.3173828125,11707.3173828125,0.0,11707.3173828125
2014-07-24,11707.3173828125,11707.3173828125,11707.3173828125,11707.3173828125,0.0,11707.3173828125
2014-07-25,11707.3173828125,11707.3173828125,11707.3173828125,11707.3173828125,0.0,11707.3173828125
2014-07-28,11707.3173828125,11707.3173828125,11707.3173828125,11707.3173828125,0.0,11707.3173828125
2014-07-29,11707.3173828125,11707.3173828125,11707.3173828125,11707.3173828125,0.0,11707.3173828125
2014-07-30,11707.3173828125,11707.3173828125,11707.3173828125,11707.3173828125,0.0,11707.3173828125
2014-07-31,11707.3173828125,11707.3173828125,11707.3173828125,11707.3173828125,0.0,11707.3173828125
2014-08-01,11707.3173828125,11707.3173828125,11707.3173828125,11707.3173828125,0.0,11707.3173828125
2014-08-04,11707.3173828125,11707.3173828125,11707.3173828125,11707.3173828125,0.0,11707.3173828125
2014-08-05,11707.3173828125,11707.3173828125,11707.3173828125,11707.3173828125,0.0,11707.3173828125
2014-08-06,11707.3173828125,11707.3173828125,11707.3173828125,11707.3173828125,0.0,11707.3173828125
2014-08-07,11707.3173828125,11707.3173828125,11707.3173828125,11707.3173828125,0.0,11707.3173828125
2014-08-08,11707.3173828125,11707.3173828125,11707.3173828125,11707.3173828125,0.0,11707.3173828125
2014-08-11,11707.3173828125,11707.3173828125,11707.3173828125,11707.3173828125,0.0,11707.3173828125
2014-08-12,11707.3173828125,11707.3173828125,11707.3173828125,11707.3173828125,0.0,11707.3173828125
2014-08-13,9951.2197265625,9951.2197265625,9951.2197265625,9951.2197265625,0.0,9951.2197265625
2014-08-14,9951.2197265625,9951.2197265625,9951.2197265625,9951.2197265625,0.0,9951.2197265625
2014-08-15,9951.2197265625,9951.2197265625,9951.2197265625,9951.2197265625,0.0,9951.2197265625
2014-08-18,9951.2197265625,9951.2197265625,9951.2197265625,9951.2197265625,0.0,9951.2197265625
2014-08-19,9951.2197265625,9951.2197265625,9951.2197265625,9951.2197265625,0.0,9951.2197265625
2014-08-20,9951.2197265625,9951.2197265625,9951.2197265625,9951.2197265625,0.0,9951.2197265625
2014-08-21,9951.2197265625,9951.2197265625,9951.2197265625,9951.2197265625,0.0,9951.2197265625
2014-08-22,9951.2197265625,9951.2197265625,9951.2197265625,9951.2197265625,0.0,9951.2197265625
2014-08-25,9951.2197265625,9951.2197265625,9951.2197265625,9951.2197265625,0.0,9951.2197265625
2014-08-26,9951.2197265625,9951.2197265625,9951.2197265625,9951.2197265625,0.0,9951.2197265625
2014-08-27,9951.2197265625,9951.2197265625,9951.2197265625,9951.2197265625,0.0,9951.2197265625
2014-08-28,9951.2197265625,9951.2197265625,9951.2197265625,9951.2197265625,0.0,9951.2197265625
2014-08-29,9951.2197265625,9951.2197265625,9951.2197265625,9951.2197265625,0.0,9951.2197265625
2014-09-02,9951.2197265625,9951.2197265625,9951.2197265625,9951.2197265625,0.0,9951.2197265625
2014-09-03,9951.2197265625,9951.2197265625,9951.2197265625,9951.2197265625,0.0,9951.2197265625
2014-09-04,9951.2197265625,9951.2197265625,9951.2197265625,9951.2197265625,0.0,9951.2197265625
2014-09-05,9951.2197265625,9951.2197265625,9951.2197265625,9951.2197265625,0.0,9951.2197265625
2014-09-08,9951.2197265625,9951.2197265625,9951.2197265625,9951.2197265625,0.0,9951.2197265625
2014-09-09,9951.2197265625,9951.2197265625,9951.2197265625,9951.2197265625,0.0,9951.2197265625
2014-09-10,9951.2197265625,9951.2197265625,9951.2197265625,9951.2197265625,0.0,9951.2197265625
2014-09-11,9951.2197265625,9951.2197265625,9951.2197265625,9951.2197265625,0.0,9951.2197265625
2014-09-12,9951.2197265625,9951.2197265625,9951.2197265625,9951.2197265625,0.0,9951.2197265625
2014-09-15,9951.2197265625,9951.2197265625,9951.2197265625,9951.2197265625,0.0,9951.2197265625
2014-09-16,9951.2197265625,9951.2197265625,9951.2197265625,9951.2197265625,0.0,9951.2197265625
2014-09-17,9951.2197265625,9951.2197265625,9951.2197265625,9951.2197265625,0.0,9951.2197265625
2014-09-18,9951.2197265625,9951.2197265625,9951.2197265625,9951.2197265625,0.0,9951.2197265625
2014-09-19,9951.2197265625,9951.2197265625,9951.2197265625,9951.2197265625,0.0,9951.2197265625
2014-09-22,9951.2197265625,9951.2197265625,9951.2197265625,9951.2197265625,0.0,9951.2197265625
2014-09-23,9951.2197265625,9951.2197265625,9951.2197265625,9951.2197265625,0.0,9951.2197265625
2014-09-24,11121.951171875,11121.951171875,11121.951171875,11121.951171875,0.0,11121.951171875
2014-09-25,11121.951171875,11121.951171875,11121.951171875,11121.951171875,0.0,11121.951171875
2014-09-26,11121.951171875,11121.951171875,11121.951171875,11121.951171875,0.0,11121.951171875
2014-09-29,11121.951171875,11121.951171875,11121.951171875,11121.951171875,0.0,11121.951171875
2014-09-30,11121.951171875,11121.951171875,11121.951171875,11121.951171875,0.0,11121.951171875
2014-10-01,11121.951171875,11121.951171875,11121.951171875,11121.951171875,0.0,11121.951171875
2014-10-02,11121.951171875,11121.951171875,11121.951171875,11121.951171875,0.0,11121.951171875
2014-10-03,11121.951171875,11121.951171875,11121.951171875,11121.951171875,0.0,11121.951171875
2014-10-06,11121.951171875,11121.951171875,11121.951171875,11121.951171875,0.0,11121.951171875
2014-10-07,11121.951171875,11121.951171875,11121.951171875,11121.951171875,0.0,11121.951171875
2014-10-08,11121.951171875,11121.951171875,11121.951171875,11121.951171875,0.0,11121.951171875
2014-10-09,11121.951171875,11121.951171875,11121.951171875,11121.951171875,0.0,11121.951171875
2014-10-10,11121.951171875,11121.951171875,11121.951171875,11121.951171875,0.0,11121.951171875
2014-10-13,11121.951171875,11121.951171875,11121.951171875,11121.951171875,0.0,11121.951171875
2014-10-14,11121.951171875,11121.951171875,11121.951171875,11121.951171875,0.0,11121.951171875
2014-10-15,11121.951171875,11121.951171875,11121.951171875,11121.951171875,0.0,11121.951171875
2014-10-16,11121.951171875,11121.951171875,11121.951171875,11121.951171875,0.0,11121.951171875
2014-10-17,11121.951171875,11121.951171875,11121.951171875,11121.951171875,0.0,11121.951171875
2014-10-20,11121.951171875,11121.951171875,11121.951171875,11121.951171875,0.0,11121.951171875
2014-10-21,11121.951171875,11121.951171875,11121.951171875,11121.951171875,0.0,11121.951171875
2014-10-22,11121.951171875,11121.951171875,11121.951171875,11121.951171875,0.0,11121.951171875
2014-10-23,11121.951171875,11121.951171875,11121.951171875,11121.951171875,0.0,11121.951171875
2014-10-24,11121.951171875,11121.951171875,11121.951171875,11121.951171875,0.0,11121.951171875
2014-10-27,11121.951171875,11121.951171875,11121.951171875,11121.951171875,0.0,11121.951171875
2014-10-28,11121.951171875,11121.951171875,11121.951171875,11121.951171875,0.0,11121.951171875
2014-10-29,11121.951171875,11121.951171875,11121.951171875,11121.951171875,0.0,11121.951171875
2014-10-30,11121.951171875,11121.951171875,11121.951171875,11121.951171875,0.0,11121.951171875
2014-10-31,11121.951171875,11121.951171875,11121.951171875,11121.951171875,0.0,11121.951171875
2014-11-03,11121.951171875,11121.951171875,11121.951171875,11121.951171875,0.0,11121.951171875
2014-11-04,11121.951171875,11121.951171875,11121.951171875,11121.951171875,0.0,11121.951171875
2014-11-05,11121.951171875,11121.951171875,11121.951171875,11121.951171875,0.0,11121.951171875
2014-11-06,11121.951171875,11121.951171875,11121.951171875,11121.951171875,0.0,11121.951171875
2014-11-07,11121.951171875,11121.951171875,11121.951171875,11121.951171875,0.0,11121.951171875
2014-11-10,11121.951171875,11121.951171875,11121.951171875,11121.951171875,0.0,11121.951171875
2014-11-11,11121.951171875,11121.951171875,11121.951171875,11121.951171875,0.0,11121.951171875
2014-11-12,11121.951171875,11121.951171875,11121.951171875,11121.951171875,0.0,11121.951171875
2014-11-13,11121.951171875,11121.951171875,11121.951171875,11121.951171875,0.0,11121.951171875
2014-11-14,11121.951171875,11121.951171875,11121.951171875,11121.951171875,0.0,11121.951171875
2014-11-17,11121.951171875,11121.951171875,11121.951171875,11121.951171875,0.0,11121.951171875
2014-11-18,11121.951171875,11121.951171875,11121.951171875,11121.951171875,0.0,11121.951171875
2014-11-19,11121.951171875,11121.951171875,11121.951171875,11121.951171875,0.0,11121.951171875
2014-11-20,11121.951171875,11121.951171875,11121.951171875,11121.951171875,0.0,11121.951171875
2014-11-21,11121.951171875,11121.951171875,11121.951171875,11121.951171875,0.0,11121.951171875
2014-11-24,11121.951171875,11121.951171875,11121.951171875,11121.951171875,0.0,11121.951171875
2014-11-25,11121.951171875,11121.951171875,11121.951171875,11121.951171875,0.0,11121.951171875
2014-11-26,11121.951171875,11121.951171875,11121.951171875,11121.951171875,0.0,11121.951171875
2014-11-28,11121.951171875,11121.951171875,11121.951171875,11121.951171875,0.0,11121.951171875
2014-12-01,11121.951171875,11121.951171875,11121.951171875,11121.951171875,0.0,11121.951171875
2014-12-02,11121.951171875,11121.951171875,11121.951171875,11121.951171875,0.0,11121.951171875
2014-12-03,11121.951171875,11121.951171875,11121.951171875,11121.951171875,0.0,11121.951171875
2014-12-04,11121.951171875,11121.951171875,11121.951171875,11121.951171875,0.0,11121.951171875
2014-12-05,11121.951171875,11121.951171875,11121.951171875,11121.951171875,0.0,11121.951171875
2014-12-08,11121.951171875,11121.951171875,11121.951171875,11121.951171875,0.0,11121.951171875
2014-12-09,11121.951171875,11121.951171875,11121.951171875,11121.951171875,0.0,11121.951171875
2014-12-10,11121.951171875,11121.951171875,11121.951171875,11121.951171875,0.0,11121.951171875
2014-12-11,11121.951171875,11121.951171875,11121.951171875,11121.951171875,0.0,11121.951171875
2014-12-12,11121.951171875,11121.951171875,11121.951171875,11121.951171875,0.0,11121.951171875
2014-12-15,11121.951171875,11121.951171875,11121.951171875,11121.951171875,0.0,11121.951171875
2014-12-16,11121.951171875,11121.951171875,11121.951171875,11121.951171875,0.0,11121.951171875
2014-12-17,11121.951171875,11121.951171875,11121.951171875,11121.951171875,0.0,11121.951171875
2014-12-18,11121.951171875,11121.951171875,11121.951171875,11121.951171875,0.0,11121.951171875
2014-12-19,11121.951171875,11121.951171875,11121.951171875,11121.951171875,0.0,11121.951171875
2014-12-22,11121.951171875,11121.951171875,11121.951171875,11121.951171875,0.0,11121.951171875
2014-12-23,11121.951171875,11121.951171875,11121.951171875,11121.951171875,0.0,11121.951171875
2014-12-24,11121.951171875,11121.951171875,11121.951171875,11121.951171875,0.0,11121.951171875
2014-12-26,11121.951171875,11121.951171875,11121.951171875,11121.951171875,0.0,11121.951171875
2014-12-29,11121.951171875,11121.951171875,11121.951171875,11121.951171875,0.0,11121.951171875
2014-12-30,11121.951171875,11121.951171875,11121.951171875,11121.951171875,0.0,11121.951171875
2014-12-31,11121.951171875,11121.951171875,11121.951171875,11121.951171875,0.0,11121.951171875
2015-01-02,11121.951171875,11121.951171875,11121.951171875,11121.951171875,0.0,11121.951171875
2015-01-05,11121.951171875,11121.951171875,11121.951171875,11121.951171875,0.0,11121.951171875
2015-01-06,11121.951171875,11121.951171875,11121.951171875,11121.951171875,0.0,11121.951171875
2015-01-07,11121.951171875,11121.951171875,11121.951171875,11121.951171875,0.0,11121.951171875
2015-01-08,11121.951171875,11121.951171875,11121.951171875,11121.951171875,0.0,11121.951171875
2015-01-09,11121.951171875,11121.951171875,11121.951171875,11121.951171875,0.0,11121.951171875
2015-01-12,11121.951171875,11121.951171875,11121.951171875,11121.951171875,0.0,11121.951171875
2015-01-13,11121.951171875,11121.951171875,11121.951171875,11121.951171875,0.0,11121.951171875
2015-01-14,11121.951171875,11121.951171875,11121.951171875,11121.951171875,0.0,11121.951171875
2015-01-15,11121.951171875,11121.951171875,11121.951171875,11121.951171875,0.0,11121.951171875
2015-01-16,11121.951171875,11121.951171875,11121.951171875,11121.951171875,0.0,11121.951171875
2015-01-20,11121.951171875,11121.951171875,11121.951171875,11121.951171875,0.0,11121.951171875
2015-01-21,14634.146484375,9365.853515625,9365.853515625,14634.146484375,0.0,14634.146484375
2015-01-22,14634.146484375,14634.146484375,14634.146484375,14634.146484375,0.0,14634.146484375
2015-01-23,14634.146484375,14634.146484375,14634.146484375,14634.146484375,0.0,14634.146484375
2015-01-26,14634.146484375,14634.146484375,14634.146484375,14634.146484375,0.0,14634.146484375
2015-01-27,14634.146484375,14634.146484375,14634.146484375,14634.146484375,0.0,14634.146484375
2015-01-28,14634.146484375,14634.146484375,14634.146484375,14634.146484375,0.0,14634.146484375
2015-01-29,14634.146484375,14634.146484375,14634.146484375,14634.146484375,0.0,14634.146484375
2015-01-30,14634.146484375,14634.146484375,14634.146484375,14634.146484375,0.0,14634.146484375
2015-02-02,14634.146484375,14634.146484375,14634.146484375,14634.146484375,0.0,14634.146484375
2015-02-03,14634.146484375,14634.146484375,14634.146484375,14634.146484375,0.0,14634.146484375
2015-02-04,14634.146484375,14634.146484375,14634.146484375,14634.146484375,0.0,14634.146484375
2015-02-05,14634.146484375,14634.146484375,14634.146484375,14634.146484375,0.0,14634.146484375
2015-02-06,14634.146484375,14634.146484375,14634.146484375,14634.146484375,0.0,14634.146484375
2015-02-09,14634.146484375,14634.146484375,14634.146484375,14634.146484375,0.0,14634.146484375
2015-02-10,14634.146484375,14634.146484375,14634.146484375,14634.146484375,0.0,14634.146484375
2015-02-11,14634.146484375,14634.146484375,14634.146484375,14634.146484375,0.0,14634.146484375
2015-02-12,14634.146484375,14634.146484375,14634.146484375,14634.146484375,0.0,14634.146484375
2015-02-13,14634.146484375,14634.146484375,14634.146484375,14634.146484375,0.0,14634.146484375
2015-02-17,14634.146484375,14634.146484375,14634.146484375,14634.146484375,0.0,14634.146484375
2015-02-18,14634.146484375,14634.146484375,14634.146484375,14634.146484375,0.0,14634.146484375
2015-02-19,14634.146484375,14634.146484375,14634.146484375,14634.146484375,0.0,14634.146484375
2015-02-20,14634.146484375,14634.146484375,14634.146484375,14634.146484375,0.0,14634.146484375
2015-02-23,14634.146484375,14634.146484375,14634.146484375,14634.146484375,0.0,14634.146484375
2015-02-24,14634.146484375,14634.146484375,14634.146484375,14634.146484375,0.0,14634.146484375
2015-02-25,14634.146484375,14634.146484375,14634.146484375,14634.146484375,0.0,14634.146484375
2015-02-26,14634.146484375,14634.146484375,14634.146484375,14634.146484375,0.0,14634.146484375
2015-02-27,14634.146484375,14634.146484375,14634.146484375,14634.146484375,0.0,14634.146484375
2015-03-02,14634.146484375,14634.146484375,14634.146484375,14634.146484375,0.0,14634.146484375
2015-03-03,14634.146484375,14634.146484375,14634.146484375,14634.146484375,0.0,14634.146484375
2015-03-04,14634.146484375,14634.146484375,14634.146484375,14634.146484375,0.0,14634.146484375
2015-03-05,14634.146484375,14634.146484375,14634.146484375,14634.146484375,0.0,14634.146484375
2015-03-06,14634.146484375,14634.146484375,14634.146484375,14634.146484375,0.0,14634.146484375
2015-03-09,14634.146484375,14634.146484375,14634.146484375,14634.146484375,0.0,14634.146484375
2015-03-10,14634.146484375,14634.146484375,14634.146484375,14634.146484375,0.0,14634.146484375
2015-03-11,11707.3173828125,11707.3173828125,11707.3173828125,11707.3173828125,0.0,11707.3173828125
2015-03-12,11707.3173828125,11707.3173828125,11707.3173828125,11707.3173828125,0.0,11707.3173828125
2015-03-13,11707.3173828125,11707.3173828125,11707.3173828125,11707.3173828125,0.0,11707.3173828125
2015-03-16,11707.3173828125,11707.3173828125,11707.3173828125,11707.3173828125,0.0,11707.3173828125
2015-03-17,11707.3173828125,11707.3173828125,11707.3173828125,11707.3173828125,0.0,11707.3173828125
2015-03-18,11707.3173828125,11707.3173828125,11707.3173828125,11707.3173828125,0.0,11707.3173828125
2015-03-19,11707.3173828125,11707.3173828125,11707.3173828125,11707.3173828125,0.0,11707.3173828125
2015-03-20,11707.3173828125,11707.3173828125,11707.3173828125,11707.3173828125,0.0,11707.3173828125
2015-03-23,11707.3173828125,11707.3173828125,11707.3173828125,11707.3173828125,0.0,11707.3173828125
2015-03-24,11707.3173828125,11707.3173828125,11707.3173828125,11707.3173828125,0.0,11707.3173828125
2015-03-25,11707.3173828125,11707.3173828125,11707.3173828125,11707.3173828125,0.0,11707.3173828125
2015-03-26,11707.3173828125,11707.3173828125,11707.3173828125,11707.3173828125,0.0,11707.3173828125
2015-03-27,11707.3173828125,11707.3173828125,11707.3173828125,11707.3173828125,0.0,11707.3173828125
2015-03-30,11707.3173828125,11707.3173828125,11707.3173828125,11707.3173828125,0.0,11707.3173828125
2015-03-31,11707.3173828125,11707.3173828125,11707.3173828125,11707.3173828125,0.0,11707.3173828125
2015-04-01,11707.3173828125,11707.3173828125,11707.3173828125,11707.3173828125,0.0,11707.3173828125
2015-04-02,11707.3173828125,11707.3173828125,11707.3173828125,11707.3173828125,0.0,11707.3173828125
2015-04-06,11707.3173828125,11707.3173828125,11707.3173828125,11707.3173828125,0.0,11707.3173828125
2015-04-07,11707.3173828125,11707.3173828125,11707.3173828125,11707.3173828125,0.0,11707.3173828125
2015-04-08,11707.3173828125,11707.3173828125,11707.3173828125,11707.3173828125,0.0,11707.3173828125
2015-04-09,11707.3173828125,11707.3173828125,11707.3173828125,11707.3173828125,0.0,11707.3173828125
2015-04-10,11707.3173828125,11707.3173828125,11707.3173828125,11707.3173828125,0.0,11707.3173828125
2015-04-13,11707.3173828125,11707.3173828125,11707.3173828125,11707.3173828125,0.0,11707.3173828125
2015-04-14,11707.3173828125,11707.3173828125,11707.3173828125,11707.3173828125,0.0,11707.3173828125
2015-04-15,11707.3173828125,11707.3173828125,11707.3173828125,11707.3173828125,0.0,11707.3173828125
2015-04-16,11707.3173828125,11707.3173828125,11707.3173828125,11707.3173828125,0.0,11707.3173828125
2015-04-17,11707.3173828125,11707.3173828125,11707.3173828125,11707.3173828125,0.0,11707.3173828125
2015-04-20,11707.3173828125,11707.3173828125,11707.3173828125,11707.3173828125,0.0,11707.3173828125
2015-04-21,20487.8046875,19902.439453125,19902.439453125,20487.8046875,0.0,20487.8046875
2015-04-22,31609.755859375,20487.8046875,20487.8046875,26341.462890625,0.0,26341.462890625
2015-04-23,31609.755859375,20487.8046875,23414.634765625,31609.755859375,0.0,31609.755859375
2015-04-24,56780.48828125,29268.29296875,29268.29296875,56780.48828125,0.0,56780.48828125
2015-04-27,55609.7578125,33365.85546875,55609.7578125,33365.85546875,0.0,33365.85546875
2015-04-28,32195.12109375,32195.12109375,32195.12109375,32195.12109375,0.0,32195.12109375
2015-04-29,33951.21875,23414.634765625,23414.634765625,23414.634765625,0.0,23414.634765625
2015-04-30,23414.634765625,23414.634765625,23414.634765625,23414.634765625,0.0,23414.634765625
2015-05-01,26341.462890625,26341.462890625,26341.462890625,26341.462890625,0.0,26341.462890625
2015-05-04,33951.21875,33951.21875,33951.21875,33951.21875,0.0,33951.21875
2015-05-05,33951.21875,33951.21875,33951.21875,33951.21875,0.0,33951.21875
2015-05-06,26926.830078125,26926.830078125,26926.830078125,26926.830078125,0.0,26926.830078125
2015-05-07,26926.830078125,26926.830078125,26926.830078125,26926.830078125,0.0,26926.830078125
2015-05-08,27512.1953125,27512.1953125,27512.1953125,27512.1953125,0.0,27512.1953125
2015-05-11,31609.755859375,26341.462890625,26341.462890625,31609.755859375,0.0,31609.755859375
2015-05-12,31024.390625,24000.0,31024.390625,24000.0,0.0,24000.0
2015-05-13,24000.0,24000.0,24000.0,24000.0,0.0,24000.0
2015-05-14,24000.0,24000.0,24000.0,24000.0,0.0,24000.0
2015-05-15,24000.0,24000.0,24000.0,24000.0,0.0,24000.0
2015-05-18,24000.0,24000.0,24000.0,24000.0,0.0,24000.0
2015-05-19,24000.0,24000.0,24000.0,24000.0,0.0,24000.0
2015-05-20,24000.0,24000.0,24000.0,24000.0,0.0,24000.0
2015-05-21,24000.0,24000.0,24000.0,24000.0,0.0,24000.0
2015-05-22,24000.0,24000.0,24000.0,24000.0,0.0,24000.0
2015-05-26,24000.0,24000.0,24000.0,24000.0,0.0,24000.0
2015-05-27,24000.0,24000.0,24000.0,24000.0,0.0,24000.0
2015-05-28,24000.0,24000.0,24000.0,24000.0,0.0,24000.0
2015-05-29,24000.0,24000.0,24000.0,24000.0,0.0,24000.0
2015-06-01,24000.0,24000.0,24000.0,24000.0,0.0,24000.0
2015-06-02,24000.0,24000.0,24000.0,24000.0,0.0,24000.0
2015-06-03,22243.90234375,22243.90234375,22243.90234375,22243.90234375,0.0,22243.90234375
2015-06-04,22243.90234375,22243.90234375,22243.90234375,22243.90234375,0.0,22243.90234375
2015-06-05,22243.90234375,22243.90234375,22243.90234375,22243.90234375,0.0,22243.90234375
2015-06-08,22243.90234375,22243.90234375,22243.90234375,22243.90234375,0.0,22243.90234375
2015-06-09,22243.90234375,22243.90234375,22243.90234375,22243.90234375,0.0,22243.90234375
2015-06-10,22224.0,22224.0,22224.0,22224.0,0.0,22224.0
2015-06-11,1824.0,1824.0,1824.0,1824.0,0.0,1824.0
2015-06-12,1824.0,1824.0,1824.0,1824.0,0.0,1824.0
2015-06-15,1824.0,1824.0,1824.0,1824.0,0.0,1824.0
2015-06-16,1824.0,1824.0,1824.0,1824.0,0.0,1824.0
2015-06-17,1824.0,1824.0,1824.0,1824.0,0.0,1824.0
2015-06-18,1824.0,1824.0,1824.0,1824.0,0.0,1824.0
2015-06-19,1824.0,1824.0,1824.0,1824.0,0.0,1824.0
2015-06-22,1824.0,1824.0,1824.0,1824.0,0.0,1824.0
2015-06-23,1824.0,1824.0,1824.0,1824.0,0.0,1824.0
2015-06-24,1824.0,1824.0,1824.0,1824.0,0.0,1824.0
2015-06-25,1824.0,1824.0,1824.0,1824.0,0.0,1824.0
2015-06-26,1824.0,1824.0,1824.0,1824.0,0.0,1824.0
2015-06-29,1824.0,1824.0,1824.0,1824.0,0.0,1824.0
2015-06-30,1824.0,1824.0,1824.0,1824.0,0.0,1824.0
2015-07-01,1824.0,1824.0,1824.0,1824.0,0.0,1824.0
2015-07-02,1824.0,1824.0,1824.0,1824.0,0.0,1824.0
2015-07-06,1824.0,1824.0,1824.0,1824.0,0.0,1824.0
2015-07-07,1824.0,1824.0,1824.0,1824.0,0.0,1824.0
2015-07-08,1824.0,1824.0,1824.0,1824.0,0.0,1824.0
2015-07-09,1824.0,1824.0,1824.0,1824.0,0.0,1824.0
2015-07-10,1824.0,1824.0,1824.0,1824.0,0.0,1824.0
2015-07-13,1824.0,1824.0,1824.0,1824.0,0.0,1824.0
2015-07-14,1824.0,1824.0,1824.0,1824.0,0.0,1824.0
2015-07-15,1824.0,1824.0,1824.0,1824.0,0.0,1824.0
2015-07-16,1824.0,1824.0,1824.0,1824.0,0.0,1824.0
2015-07-17,1824.0,1824.0,1824.0,1824.0,0.0,1824.0
2015-07-20,1824.0,1824.0,1824.0,1824.0,0.0,1824.0
2015-07-21,1824.0,1824.0,1824.0,1824.0,0.0,1824.0
2015-07-22,1824.0,1824.0,1824.0,1824.0,0.0,1824.0
2015-07-23,1824.0,1824.0,1824.0,1824.0,0.0,1824.0
2015-07-24,1824.0,1824.0,1824.0,1824.0,0.0,1824.0
2015-07-27,1824.0,1824.0,1824.0,1824.0,0.0,1824.0
2015-07-28,1824.0,1824.0,1824.0,1824.0,0.0,1824.0
2015-07-29,1824.0,1824.0,1824.0,1824.0,0.0,1824.0
2015-07-30,1824.0,1824.0,1824.0,1824.0,0.0,1824.0
2015-07-31,1824.0,1824.0,1824.0,1824.0,0.0,1824.0
2015-08-03,1824.0,1824.0,1824.0,1824.0,0.0,1824.0
2015-08-04,1824.0,1824.0,1824.0,1824.0,0.0,1824.0
2015-08-05,1824.0,1824.0,1824.0,1824.0,0.0,1824.0
2015-08-06,1824.0,1824.0,1824.0,1824.0,0.0,1824.0
2015-08-07,1824.0,1824.0,1824.0,1824.0,0.0,1824.0
2015-08-10,1824.0,1824.0,1824.0,1824.0,0.0,1824.0
2015-08-11,1824.0,1824.0,1824.0,1824.0,0.0,1824.0
2015-08-12,1824.0,1824.0,1824.0,1824.0,0.0,1824.0
2015-08-13,1824.0,1824.0,1824.0,1824.0,0.0,1824.0
2015-08-14,1824.0,1824.0,1824.0,1824.0,0.0,1824.0
2015-08-17,22800.0,22800.0,22800.0,22800.0,0.0,22800.0
2015-08-18,22800.0,22800.0,22800.0,22800.0,0.0,22800.0
2015-08-19,22800.0,22800.0,22800.0,22800.0,0.0,22800.0
2015-08-20,22800.0,22800.0,22800.0,22800.0,0.0,22800.0
2015-08-21,22800.0,22800.0,22800.0,22800.0,0.0,22800.0
2015-08-24,22800.0,22800.0,22800.0,22800.0,0.0,22800.0
2015-08-25,22800.0,22800.0,22800.0,22800.0,0.0,22800.0
2015-08-26,22800.0,22800.0,22800.0,22800.0,0.0,22800.0
2015-08-27,22800.0,22800.0,22800.0,22800.0,0.0,22800.0
2015-08-28,22800.0,22800.0,22800.0,22800.0,0.0,22800.0
2015-08-31,22800.0,22800.0,22800.0,22800.0,0.0,22800.0
2015-09-01,22800.0,22800.0,22800.0,22800.0,0.0,22800.0
2015-09-02,22800.0,22800.0,22800.0,22800.0,0.0,22800.0
2015-09-03,22800.0,22800.0,22800.0,22800.0,0.0,22800.0
2015-09-04,22800.0,22800.0,22800.0,22800.0,0.0,22800.0
2015-09-08,22800.0,22800.0,22800.0,22800.0,0.0,22800.0
2015-09-09,22800.0,22800.0,22800.0,22800.0,0.0,22800.0
2015-09-10,22800.0,22800.0,22800.0,22800.0,0.0,22800.0
2015-09-11,22800.0,22800.0,22800.0,22800.0,0.0,22800.0
2015-09-14,22800.0,22800.0,22800.0,22800.0,0.0,22800.0
2015-09-15,22800.0,22800.0,22800.0,22800.0,0.0,22800.0
2015-09-16,22800.0,22800.0,22800.0,22800.0,0.0,22800.0
2015-09-17,22800.0,22800.0,22800.0,22800.0,0.0,22800.0
2015-09-18,22800.0,22800.0,22800.0,22800.0,0.0,22800.0
2015-09-21,22800.0,22800.0,22800.0,22800.0,0.0,22800.0
2015-09-22,22800.0,22800.0,22800.0,22800.0,0.0,22800.0
2015-09-23,22800.0,22800.0,22800.0,22800.0,0.0,22800.0
2015-09-24,22800.0,22800.0,22800.0,22800.0,0.0,22800.0
2015-09-25,22800.0,22800.0,22800.0,22800.0,0.0,22800.0
2015-09-28,22800.0,22800.0,22800.0,22800.0,0.0,22800.0
2015-09-29,22800.0,22800.0,22800.0,22800.0,0.0,22800.0
2015-09-30,22800.0,22800.0,22800.0,22800.0,0.0,22800.0
2015-10-01,22800.0,22800.0,22800.0,22800.0,0.0,22800.0
2015-10-02,22800.0,22800.0,22800.0,22800.0,0.0,22800.0
2015-10-05,22800.0,22800.0,22800.0,22800.0,0.0,22800.0
2015-10-06,22800.0,22800.0,22800.0,22800.0,0.0,22800.0
2015-10-07,21600.0,20160.0,21600.0,20160.0,0.0,20160.0
2015-10-08,20160.0,20160.0,20160.0,20160.0,0.0,20160.0
2015-10-09,20880.0,20880.0,20880.0,20880.0,0.0,20880.0
2015-10-12,20880.0,20880.0,20880.0,20880.0,0.0,20880.0
2015-10-13,20880.0,20880.0,20880.0,20880.0,0.0,20880.0
2015-10-14,20880.0,20880.0,20880.0,20880.0,0.0,20880.0
2015-10-15,20880.0,20880.0,20880.0,20880.0,0.0,20880.0
2015-10-16,20880.0,20880.0,20880.0,20880.0,0.0,20880.0
2015-10-19,20880.0,20880.0,20880.0,20880.0,0.0,20880.0
2015-10-20,20880.0,20880.0,20880.0,20880.0,0.0,20880.0
2015-10-21,20880.0,20880.0,20880.0,20880.0,0.0,20880.0
2015-10-22,20880.0,20880.0,20880.0,20880.0,0.0,20880.0
2015-10-23,20880.0,20880.0,20880.0,20880.0,0.0,20880.0
2015-10-26,20880.0,20880.0,20880.0,20880.0,0.0,20880.0
2015-10-27,20880.0,20880.0,20880.0,20880.0,0.0,20880.0
2015-10-28,20880.0,20880.0,20880.0,20880.0,0.0,20880.0
2015-10-29,21600.0,21600.0,21600.0,21600.0,0.0,21600.0
2015-10-30,21600.0,21600.0,21600.0,21600.0,0.0,21600.0
2015-11-02,21600.0,21600.0,21600.0,21600.0,0.0,21600.0
2015-11-03,19248.0,19248.0,19248.0,19248.0,0.0,19248.0
2015-11-04,19248.0,19248.0,19248.0,19248.0,0.0,19248.0
2015-11-05,19248.0,19248.0,19248.0,19248.0,0.0,19248.0
2015-11-06,19248.0,19248.0,19248.0,19248.0,0.0,19248.0
2015-11-09,19248.0,19248.0,19248.0,19248.0,0.0,19248.0
2015-11-10,19248.0,19248.0,19248.0,19248.0,0.0,19248.0
2015-11-11,19248.0,19248.0,19248.0,19248.0,0.0,19248.0
2015-11-12,17808.0,17760.0,17760.0,17808.0,0.0,17808.0
2015-11-13,15840.0,15840.0,15840.0,15840.0,0.0,15840.0
2015-11-16,15840.0,15840.0,15840.0,15840.0,0.0,15840.0
2015-11-17,15840.0,15840.0,15840.0,15840.0,0.0,15840.0
2015-11-18,16560.0,15840.0,16512.0,15840.0,0.0,15840.0
2015-11-19,21360.0,19200.0,19200.0,19776.0,0.0,19776.0
2015-11-20,16896.0,15744.0,15744.0,16896.0,0.0,16896.0
2015-11-23,16896.0,16896.0,16896.0,16896.0,0.0,16896.0
2015-11-24,16896.0,16896.0,16896.0,16896.0,0.0,16896.0
2015-11-25,16896.0,16896.0,16896.0,16896.0,0.0,16896.0
2015-11-27,16896.0,16896.0,16896.0,16896.0,0.0,16896.0
2015-11-30,16080.0,15840.0,16080.0,15840.0,0.0,15840.0
2015-12-01,15072.0,15072.0,15072.0,15072.0,0.0,15072.0
2015-12-02,15072.0,15072.0,15072.0,15072.0,0.0,15072.0
2015-12-03,15072.0,15072.0,15072.0,15072.0,0.0,15072.0
2015-12-04,15072.0,15072.0,15072.0,15072.0,0.0,15072.0
2015-12-07,15072.0,15072.0,15072.0,15072.0,0.0,15072.0
2015-12-08,15072.0,15072.0,15072.0,15072.0,0.0,15072.0
2015-12-09,15072.0,15072.0,15072.0,15072.0,0.0,15072.0
2015-12-10,21360.0,15072.0,15072.0,19392.0,0.0,19392.0
2015-12-11,19392.0,19392.0,19392.0,19392.0,0.0,19392.0
2015-12-14,19392.0,19392.0,19392.0,19392.0,0.0,19392.0
2015-12-15,18000.0,17760.0,17760.0,18000.0,0.0,18000.0
2015-12-16,18000.0,18000.0,18000.0,18000.0,0.0,18000.0
2015-12-17,18000.0,18000.0,18000.0,18000.0,0.0,18000.0
2015-12-18,18000.0,18000.0,18000.0,18000.0,0.0,18000.0
2015-12-21,18000.0,14400.0,14640.0,18000.0,0.0,18000.0
2015-12-22,18000.0,18000.0,18000.0,18000.0,0.0,18000.0
2015-12-23,18000.0,18000.0,18000.0,18000.0,0.0,18000.0
2015-12-24,18000.0,18000.0,18000.0,18000.0,0.0,18000.0
2015-12-28,18000.0,18000.0,18000.0,18000.0,0.0,18000.0
2015-12-29,18000.0,18000.0,18000.0,18000.0,0.0,18000.0
2015-12-30,18000.0,18000.0,18000.0,18000.0,0.0,18000.0
2015-12-31,18000.0,18000.0,18000.0,18000.0,0.0,18000.0
2016-01-04,17952.0,16800.0,17952.0,16800.0,0.0,16800.0
2016-01-05,13200.0,2880.0,13200.0,3696.0,100.0,3696.0
2016-01-06,6384.0,3600.0,3696.0,6240.0,100.0,6240.0
2016-01-07,6480.0,5040.0,6480.0,5808.0,100.0,5808.0
2016-01-08,5808.0,4128.0,5808.0,4320.0,0.0,4320.0
2016-01-11,4560.0,2880.0,4560.0,3360.0,0.0,3360.0
2016-01-12,4560.0,2976.0,2976.0,4176.0,100.0,4176.0
2016-01-13,4848.0,3408.0,4176.0,4560.0,0.0,4560.0
2016-01-14,4608.0,3360.0,4560.0,4560.0,0.0,4560.0
2016-01-15,4752.0,3792.0,4176.0,4752.0,0.0,4752.0
2016-01-19,4848.0,4128.0,4800.0,4320.0,0.0,4320.0
2016-01-20,4368.0,3888.0,4272.0,3936.0,0.0,3936.0
2016-01-21,4224.0,3744.0,4080.0,4176.0,0.0,4176.0
2016-01-22,4224.0,3840.0,4128.0,3888.0,0.0,3888.0
2016-01-25,4320.0,3648.0,3648.0,4128.0,0.0,4128.0
2016-01-26,4512.0,3840.0,4128.0,4176.0,0.0,4176.0
2016-01-27,4320.0,3840.0,4080.0,4032.0,0.0,4032.0
2016-01-28,4224.0,3888.0,3936.0,4128.0,0.0,4128.0
2016-01-29,4704.0,4032.0,4080.0,4560.0,0.0,4560.0
2016-02-01,4752.0,4176.0,4176.0,4176.0,0.0,4176.0
2016-02-02,4560.0,3888.0,3888.0,4416.0,0.0,4416.0
2016-02-03,4416.0,4080.0,4416.0,4080.0,0.0,4080.0
2016-02-04,4416.0,3888.0,3936.0,3936.0,0.0,3936.0
2016-02-05,3888.0,3216.0,3888.0,3264.0,0.0,3264.0
2016-02-08,3600.0,3264.0,3264.0,3264.0,0.0,3264.0
2016-02-09,3600.0,3216.0,3216.0,3360.0,0.0,3360.0
2016-02-10,3360.0,3072.0,3360.0,3120.0,0.0,3120.0
2016-02-11,3168.0,2976.0,3120.0,2976.0,0.0,2976.0
2016-02-12,3360.0,2736.0,2784.0,3360.0,0.0,3360.0
2016-02-16,3360.0,2928.0,3360.0,3264.0,0.0,3264.0
2016-02-17,3216.0,2496.0,3216.0,2736.0,0.0,2736.0
2016-02-18,2880.0,2688.0,2784.0,2784.0,0.0,2784.0
2016-02-19,3072.0,2640.0,2640.0,3024.0,0.0,3024.0
2016-02-22,2928.0,2784.0,2784.0,2880.0,0.0,2880.0
2016-02-23,3312.0,2544.0,2784.0,3120.0,0.0,3120.0
2016-02-24,3216.0,3072.0,3216.0,3216.0,0.0,3216.0
2016-02-25,3600.0,3120.0,3600.0,3120.0,0.0,3120.0
2016-02-26,3360.0,2880.0,2880.0,3072.0,0.0,3072.0
2016-02-29,3024.0,2640.0,2640.0,3024.0,0.0,3024.0
2016-03-01,2928.0,2688.0,2928.0,2688.0,0.0,2688.0
2016-03-02,3312.0,2688.0,2688.0,3312.0,0.0,3312.0
2016-03-03,3552.0,3072.0,3072.0,3168.0,0.0,3168.0
2016-03-04,3552.0,3072.0,3072.0,3120.0,0.0,3120.0
2016-03-07,3120.0,2880.0,3120.0,2976.0,0.0,2976.0
2016-03-08,3456.0,2880.0,2880.0,3072.0,0.0,3072.0
2016-03-09,3504.0,2688.0,3456.0,2736.0,0.0,2736.0
2016-03-10,3312.0,2688.0,2736.0,3312.0,0.0,3312.0
2016-03-11,3168.0,2784.0,3024.0,3072.0,0.0,3072.0
2016-03-14,3168.0,2832.0,2976.0,2880.0,0.0,2880.0
2016-03-15,2880.0,2688.0,2880.0,2784.0,0.0,2784.0
2016-03-16,2784.0,2688.0,2688.0,2688.0,0.0,2688.0
2016-03-17,3024.0,2880.0,2880.0,2880.0,0.0,2880.0
2016-03-18,3264.0,2688.0,2880.0,3216.0,0.0,3216.0
2016-03-21,3360.0,2592.0,3216.0,2928.0,0.0,2928.0
2016-03-22,2976.0,2592.0,2592.0,2976.0,0.0,2976.0
2016-03-23,2976.0,2688.0,2688.0,2880.0,0.0,2880.0
2016-03-24,2880.0,2592.0,2592.0,2880.0,0.0,2880.0
2016-03-28,2880.0,2736.0,2880.0,2736.0,0.0,2736.0
2016-03-29,3312.0,2688.0,2688.0,2880.0,0.0,2880.0
2016-03-30,3216.0,2976.0,2976.0,2976.0,0.0,2976.0
2016-03-31,3120.0,2592.0,3120.0,3072.0,0.0,3072.0
2016-04-01,3024.0,2688.0,3024.0,2688.0,0.0,2688.0
2016-04-04,2880.0,2640.0,2688.0,2880.0,0.0,2880.0
2016-04-05,3024.0,2736.0,2928.0,2928.0,0.0,2928.0
2016-04-06,3024.0,2592.0,3024.0,2736.0,0.0,2736.0
2016-04-07,2736.0,2640.0,2736.0,2736.0,0.0,2736.0
2016-04-08,2976.0,2640.0,2640.0,2928.0,0.0,2928.0
2016-04-11,3024.0,2688.0,2688.0,2688.0,0.0,2688.0
2016-04-12,3024.0,2688.0,2688.0,2832.0,0.0,2832.0
2016-04-13,2880.0,2736.0,2784.0,2736.0,0.0,2736.0
2016-04-14,2832.0,2736.0,2832.0,2736.0,0.0,2736.0
2016-04-15,2832.0,2736.0,2736.0,2832.0,0.0,2832.0
2016-04-18,2784.0,2736.0,2784.0,2784.0,0.0,2784.0
2016-04-19,2832.0,2640.0,2784.0,2736.0,0.0,2736.0
2016-04-20,2832.0,2640.0,2640.0,2736.0,0.0,2736.0
2016-04-21,2784.0,2688.0,2688.0,2736.0,0.0,2736.0
2016-04-22,2736.0,2544.0,2688.0,2640.0,0.0,2640.0
2016-04-25,2784.0,1488.0,2736.0,2496.0,0.0,2496.0
2016-04-26,2784.0,2256.0,2496.0,2784.0,0.0,2784.0
2016-04-27,2736.0,2352.0,2736.0,2592.0,0.0,2592.0
2016-04-28,2640.0,1968.0,2592.0,2496.0,0.0,2496.0
2016-04-29,2448.0,2016.0,2352.0,2016.0,0.0,2016.0
2016-05-02,2592.0,1920.0,2400.0,1920.0,0.0,1920.0
2016-05-03,1680.0,1488.0,1632.0,1536.0,500.0,1536.0
2016-05-04,1680.0,1536.0,1632.0,1632.0,0.0,1632.0
2016-05-05,1680.0,1632.0,1632.0,1680.0,0.0,1680.0
2016-05-06,1728.0,1584.0,1680.0,1584.0,0.0,1584.0
2016-05-09,1632.0,1440.0,1584.0,1536.0,0.0,1536.0
2016-05-10,1584.0,1440.0,1488.0,1536.0,0.0,1536.0
2016-05-11,1584.0,1488.0,1536.0,1488.0,0.0,1488.0
2016-05-12,1536.0,1440.0,1536.0,1488.0,0.0,1488.0
2016-05-13,1488.0,1344.0,1488.0,1440.0,0.0,1440.0
2016-05-16,1536.0,1296.0,1488.0,1536.0,0.0,1536.0
2016-05-17,1872.0,1536.0,1584.0,1824.0,0.0,1824.0
2016-05-18,1920.0,1584.0,1776.0,1728.0,0.0,1728.0
2016-05-19,1728.0,1584.0,1728.0,1728.0,0.0,1728.0
2016-05-20,1872.0,1632.0,1680.0,1680.0,0.0,1680.0
2016-05-23,1824.0,1632.0,1680.0,1680.0,0.0,1680.0
2016-05-24,1728.0,1488.0,1728.0,1536.0,0.0,1536.0
2016-05-25,1824.0,1536.0,1584.0,1584.0,0.0,1584.0
2016-05-26,1536.0,1440.0,1536.0,1488.0,0.0,1488.0
2016-05-27,1776.0,1488.0,1536.0,1728.0,0.0,1728.0
2016-05-31,1920.0,1680.0,1728.0,1920.0,0.0,1920.0
2016-06-01,2448.0,1920.0,2016.0,2304.0,200.0,2304.0
2016-06-02,2592.0,2064.0,2352.0,2400.0,100.0,2400.0
2016-06-03,2496.0,2256.0,2400.0,2256.0,0.0,2256.0
2016-06-06,2352.0,2016.0,2304.0,2160.0,0.0,2160.0
2016-06-07,2304.0,2016.0,2112.0,2016.0,0.0,2016.0
2016-06-08,2304.0,2016.0,2064.0,2304.0,0.0,2304.0
2016-06-09,2352.0,2112.0,2352.0,2160.0,0.0,2160.0
2016-06-10,2304.0,2160.0,2256.0,2304.0,0.0,2304.0
2016-06-13,2352.0,2112.0,2304.0,2256.0,0.0,2256.0
2016-06-14,2304.0,2112.0,2304.0,2112.0,0.0,2112.0
2016-06-15,2160.0,1968.0,2160.0,2064.0,0.0,2064.0
2016-06-16,2064.0,1920.0,2064.0,1920.0,0.0,1920.0
2016-06-17,2160.0,1920.0,1968.0,1920.0,0.0,1920.0
2016-06-20,2064.0,1968.0,1968.0,2016.0,0.0,2016.0
2016-06-21,2112.0,1920.0,2112.0,1968.0,0.0,1968.0
2016-06-22,2112.0,1920.0,2112.0,1968.0,0.0,1968.0
2016-06-23,2112.0,1920.0,1920.0,1920.0,0.0,1920.0
2016-06-24,1968.0,1728.0,1872.0,1728.0,0.0,1728.0
2016-06-27,1920.0,1680.0,1728.0,1728.0,0.0,1728.0
2016-06-28,1920.0,1824.0,1824.0,1872.0,0.0,1872.0
2016-06-29,1872.0,1824.0,1872.0,1824.0,0.0,1824.0
2016-06-30,1920.0,1632.0,1824.0,1872.0,0.0,1872.0
2016-07-01,1800.0,1780.0,1800.0,1780.0,0.0,1780.0
2016-07-05,2000.0,1780.0,1792.0,2000.0,0.0,2000.0
2016-07-06,1832.0,1420.0,1832.0,1600.0,0.0,1600.0
2016-07-07,1760.0,1460.0,1460.0,1600.0,0.0,1600.0
2016-07-08,1920.0,1580.0,1920.0,1624.0,0.0,1624.0
2016-07-11,1680.0,1624.0,1624.0,1640.0,0.0,1640.0
2016-07-12,1620.0,1580.0,1600.0,1620.0,0.0,1620.0
2016-07-13,1640.0,1472.0,1640.0,1600.0,0.0,1600.0
2016-07-14,1564.0,1468.0,1560.0,1480.0,0.0,1480.0
2016-07-15,1520.0,1472.0,1520.0,1472.0,0.0,1472.0
2016-07-18,1576.0,1460.0,1472.0,1460.0,0.0,1460.0
2016-07-19,1440.0,1400.0,1424.0,1440.0,0.0,1440.0
2016-07-20,1540.0,1400.0,1460.0,1440.0,0.0,1440.0
2016-07-21,1500.0,1460.0,1460.0,1492.0,0.0,1492.0
2016-07-22,1500.0,1440.0,1500.0,1488.0,0.0,1488.0
2016-07-25,1616.0,1440.0,1488.0,1616.0,0.0,1616.0
2016-07-26,1600.0,1496.0,1600.0,1496.0,0.0,1496.0
2016-07-27,1576.0,1312.0,1576.0,1556.0,0.0,1556.0
2016-07-28,1556.0,1404.0,1556.0,1504.0,0.0,1504.0
2016-07-29,1600.0,1540.0,1560.0,1560.0,0.0,1560.0
2016-08-01,1600.0,1540.0,1600.0,1596.0,0.0,1596.0
2016-08-02,1600.0,1432.0,1596.0,1432.0,0.0,1432.0
2016-08-03,1548.0,1432.0,1432.0,1548.0,0.0,1548.0
2016-08-04,1580.0,1444.0,1580.0,1480.0,0.0,1480.0
2016-08-05,1588.0,1204.0,1528.0,1540.0,0.0,1540.0
2016-08-08,1596.0,1440.0,1492.0,1440.0,0.0,1440.0
2016-08-09,1564.0,1444.0,1460.0,1520.0,0.0,1520.0
2016-08-10,1556.0,1492.0,1492.0,1556.0,0.0,1556.0
2016-08-11,1560.0,1556.0,1556.0,1556.0,0.0,1556.0
2016-08-12,1564.0,1556.0,1560.0,1556.0,0.0,1556.0
2016-08-15,1600.0,1440.0,1596.0,1480.0,0.0,1480.0
2016-08-16,1492.0,1440.0,1492.0,1440.0,0.0,1440.0
2016-08-17,1480.0,1480.0,1480.0,1480.0,0.0,1480.0
2016-08-18,1520.0,1440.0,1520.0,1440.0,0.0,1440.0
2016-08-19,1480.0,1324.0,1412.0,1328.0,0.0,1328.0
2016-08-22,1440.0,1400.0,1440.0,1400.0,0.0,1400.0
2016-08-23,1400.0,1372.0,1400.0,1372.0,0.0,1372.0
2016-08-24,1500.0,1204.0,1400.0,1500.0,0.0,1500.0
2016-08-25,1500.0,1440.0,1500.0,1440.0,0.0,1440.0
2016-08-26,1500.0,1404.0,1440.0,1500.0,0.0,1500.0
2016-08-29,1500.0,1480.0,1500.0,1500.0,0.0,1500.0
2016-08-30,1500.0,1440.0,1500.0,1500.0,0.0,1500.0
2016-08-31,1500.0,1460.0,1500.0,1500.0,0.0,1500.0
2016-09-01,1564.0,1460.0,1500.0,1560.0,0.0,1560.0
2016-09-02,1588.0,1528.0,1560.0,1580.0,0.0,1580.0
2016-09-06,1588.0,1480.0,1588.0,1540.0,0.0,1540.0
2016-09-07,1540.0,1480.0,1540.0,1480.0,0.0,1480.0
2016-09-08,1480.0,1460.0,1480.0,1460.0,0.0,1460.0
2016-09-09,1480.0,1404.0,1460.0,1420.0,0.0,1420.0
2016-09-12,1472.0,1220.0,1220.0,1420.0,0.0,1420.0
2016-09-13,1480.0,1440.0,1440.0,1480.0,0.0,1480.0
2016-09-14,1480.0,1480.0,1480.0,1480.0,0.0,1480.0
2016-09-15,1480.0,1284.0,1480.0,1380.0,0.0,1380.0
2016-09-16,1556.0,1304.0,1380.0,1556.0,0.0,1556.0
2016-09-19,1556.0,1556.0,1556.0,1556.0,0.0,1556.0
2016-09-20,1588.0,1420.0,1560.0,1520.0,0.0,1520.0
2016-09-21,1480.0,1300.0,1440.0,1400.0,0.0,1400.0
2016-09-22,1400.0,1340.0,1400.0,1360.0,0.0,1360.0
2016-09-23,1400.0,1360.0,1380.0,1380.0,0.0,1380.0
2016-09-26,1380.0,1320.0,1380.0,1320.0,0.0,1320.0
2016-09-27,1380.0,1320.0,1380.0,1340.0,0.0,1340.0
2016-09-28,1340.0,1320.0,1320.0,1340.0,0.0,1340.0
2016-09-29,1360.0,1280.0,1280.0,1360.0,0.0,1360.0
2016-09-30,1556.0,1260.0,1320.0,1304.0,0.0,1304.0
2016-10-03,1260.0,1212.0,1260.0,1212.0,0.0,1212.0
2016-10-04,1556.0,1000.0,1204.0,1272.0,0.0,1272.0
2016-10-05,1240.0,1100.0,1204.0,1200.0,0.0,1200.0
2016-10-06,1200.0,1124.0,1200.0,1160.0,0.0,1160.0
2016-10-07,1240.0,1140.0,1240.0,1140.0,0.0,1140.0
2016-10-10,1200.0,1040.0,1200.0,1072.0,0.0,1072.0
2016-10-11,1280.0,1280.0,1280.0,1280.0,0.0,1280.0
2016-10-12,1260.0,1240.0,1260.0,1240.0,0.0,1240.0
2016-10-13,1240.0,1200.0,1240.0,1240.0,0.0,1240.0
2016-10-14,1256.0,1160.0,1256.0,1160.0,0.0,1160.0
2016-10-17,1148.0,1040.0,1148.0,1040.0,0.0,1040.0
2016-10-18,1116.0,1000.0,1040.0,1000.0,0.0,1000.0
2016-10-19,1160.0,984.0,1052.0,1072.0,0.0,1072.0
2016-10-20,1120.0,980.0,1120.0,980.0,0.0,980.0
2016-10-21,1016.0,852.0,1016.0,880.0,0.0,880.0
2016-10-24,880.0,668.0,880.0,668.0,0.0,668.0
2016-10-25,780.0,600.0,676.0,600.0,0.0,600.0
2016-10-26,640.0,560.0,600.0,600.0,0.0,600.0
2016-10-27,712.0,560.0,560.0,712.0,0.0,712.0
2016-10-28,588.0,440.0,500.0,532.0,1200.0,532.0
2016-10-31,560.0,520.0,540.0,560.0,200.0,560.0
2016-11-01,560.0,540.0,540.0,540.0,0.0,540.0
2016-11-02,544.0,408.0,544.0,468.0,0.0,468.0
2016-11-03,520.0,420.0,500.0,420.0,100.0,420.0
2016-11-04,448.0,432.0,440.0,448.0,0.0,448.0
2016-11-07,516.0,448.0,448.0,480.0,0.0,480.0
2016-11-08,500.0,484.0,484.0,500.0,0.0,500.0
2016-11-09,520.0,480.0,500.0,500.0,0.0,500.0
2016-11-10,520.0,480.0,520.0,480.0,0.0,480.0
2016-11-11,500.0,460.0,480.0,472.0,100.0,472.0
2016-11-14,480.0,460.0,460.0,460.0,0.0,460.0
2016-11-15,520.0,440.0,460.0,492.0,0.0,492.0
2016-11-16,524.0,504.0,504.0,504.0,0.0,504.0
2016-11-17,520.0,500.0,504.0,520.0,100.0,520.0
2016-11-18,520.0,484.0,500.0,504.0,0.0,504.0
2016-11-21,520.0,500.0,520.0,500.0,0.0,500.0
2016-11-22,508.0,460.0,508.0,460.0,0.0,460.0
2016-11-23,476.0,440.0,460.0,460.0,0.0,460.0
2016-11-25,460.0,444.0,460.0,444.0,0.0,444.0
2016-11-28,460.0,440.0,460.0,456.0,0.0,456.0
2016-11-29,436.0,420.0,432.0,420.0,0.0,420.0
2016-11-30,480.0,420.0,420.0,476.0,0.0,476.0
2016-12-01,512.0,476.0,476.0,500.0,100.0,500.0
2016-12-02,520.0,500.0,512.0,512.0,0.0,512.0
2016-12-05,524.0,504.0,520.0,512.0,100.0,512.0
2016-12-06,528.0,508.0,512.0,520.0,0.0,520.0
2016-12-07,520.0,492.0,508.0,520.0,0.0,520.0
2016-12-08,536.0,520.0,520.0,536.0,0.0,536.0
2016-12-09,536.0,492.0,536.0,532.0,0.0,532.0
2016-12-12,532.0,492.0,492.0,532.0,0.0,532.0
2016-12-13,528.0,496.0,528.0,520.0,0.0,520.0
2016-12-14,520.0,488.0,520.0,500.0,0.0,500.0
2016-12-15,520.0,464.0,520.0,492.0,100.0,492.0
2016-12-16,500.0,480.0,484.0,500.0,0.0,500.0
2016-12-19,504.0,480.0,492.0,500.0,0.0,500.0
2016-12-20,504.0,460.0,504.0,488.0,0.0,488.0
2016-12-21,500.0,488.0,496.0,488.0,0.0,488.0
2016-12-22,500.0,460.0,496.0,480.0,0.0,480.0
2016-12-23,480.0,460.0,464.0,480.0,0.0,480.0
2016-12-27,480.0,460.0,480.0,480.0,0.0,480.0
2016-12-28,480.0,448.0,472.0,460.0,200.0,460.0
2016-12-29,464.0,460.0,460.0,460.0,0.0,460.0
2016-12-30,480.0,448.0,460.0,480.0,0.0,480.0
2017-01-03,480.0,460.0,480.0,460.0,0.0,460.0
2017-01-04,504.0,460.0,504.0,460.0,0.0,460.0
2017-01-05,480.0,460.0,460.0,480.0,0.0,480.0
2017-01-06,492.0,440.0,492.0,492.0,0.0,492.0
2017-01-09,480.0,420.0,460.0,472.0,0.0,472.0
2017-01-10,448.0,432.0,440.0,432.0,0.0,432.0
2017-01-11,448.0,428.0,440.0,448.0,0.0,448.0
2017-01-12,500.0,420.0,500.0,432.0,0.0,432.0
2017-01-13,448.0,424.0,424.0,440.0,0.0,440.0
2017-01-17,448.0,432.0,448.0,432.0,0.0,432.0
2017-01-18,440.0,412.0,436.0,440.0,500.0,440.0
2017-01-19,464.0,440.0,440.0,444.0,100.0,444.0
2017-01-20,452.0,416.0,452.0,440.0,0.0,440.0
2017-01-23,448.0,420.0,444.0,420.0,0.0,420.0
2017-01-24,456.0,420.0,456.0,424.0,0.0,424.0
2017-01-25,440.0,420.0,428.0,436.0,0.0,436.0
2017-01-26,432.0,400.0,408.0,400.0,0.0,400.0
2017-01-27,436.0,400.0,436.0,400.0,0.0,400.0
2017-01-30,400.0,324.0,396.0,376.0,100.0,376.0
2017-01-31,424.0,348.0,360.0,412.0,100.0,412.0
2017-02-01,440.0,388.0,420.0,400.0,200.0,400.0
2017-02-02,408.0,392.0,404.0,392.0,100.0,392.0
2017-02-03,400.0,360.0,400.0,384.0,0.0,384.0
2017-02-06,392.0,360.0,384.0,368.0,0.0,368.0
2017-02-07,380.0,356.0,380.0,356.0,0.0,356.0
2017-02-08,408.0,356.0,356.0,408.0,300.0,408.0
2017-02-09,420.0,392.0,408.0,404.0,200.0,404.0
2017-02-10,436.0,356.0,408.0,388.0,300.0,388.0
2017-02-13,416.0,360.0,380.0,384.0,200.0,384.0
2017-02-14,392.0,360.0,376.0,368.0,0.0,368.0
2017-02-15,392.0,368.0,392.0,392.0,0.0,392.0
2017-02-16,380.0,336.0,380.0,360.0,100.0,360.0
2017-02-17,380.0,360.0,376.0,380.0,0.0,380.0
2017-02-21,380.0,360.0,360.0,360.0,0.0,360.0
2017-02-22,364.0,340.0,364.0,348.0,100.0,348.0
2017-02-23,368.0,328.0,344.0,328.0,100.0,328.0
2017-02-24,360.0,316.0,360.0,316.0,100.0,316.0
2017-02-27,320.0,304.0,304.0,312.0,200.0,312.0
2017-02-28,392.0,316.0,320.0,376.0,100.0,376.0
2017-03-01,384.0,364.0,380.0,372.0,0.0,372.0
2017-03-02,392.0,348.0,380.0,380.0,100.0,380.0
2017-03-03,388.0,356.0,364.0,388.0,100.0,388.0
2017-03-06,364.0,360.0,364.0,360.0,0.0,360.0
2017-03-07,360.0,308.0,360.0,340.0,100.0,340.0
2017-03-08,340.0,296.0,296.0,324.0,100.0,324.0
2017-03-09,340.0,324.0,340.0,332.0,0.0,332.0
2017-03-10,340.0,320.0,332.0,340.0,100.0,340.0
2017-03-13,348.0,324.0,348.0,324.0,100.0,324.0
2017-03-14,348.0,328.0,328.0,336.0,0.0,336.0
2017-03-15,340.0,332.0,340.0,340.0,0.0,340.0
2017-03-16,328.0,328.0,328.0,328.0,0.0,328.0
2017-03-17,384.0,324.0,344.0,348.0,100.0,348.0
2017-03-20,364.0,324.0,360.0,364.0,0.0,364.0
2017-03-21,376.0,348.0,376.0,372.0,0.0,372.0
2017-03-22,372.0,352.0,372.0,352.0,0.0,352.0
2017-03-23,360.0,360.0,360.0,360.0,0.0,360.0
2017-03-24,360.0,360.0,360.0,360.0,0.0,360.0
2017-03-27,360.0,352.0,360.0,360.0,0.0,360.0
2017-03-28,360.0,344.0,360.0,352.0,0.0,352.0
2017-03-29,360.0,340.0,356.0,340.0,0.0,340.0
2017-03-30,344.0,340.0,344.0,340.0,0.0,340.0
2017-03-31,360.0,340.0,340.0,360.0,0.0,360.0
2017-04-03,364.0,340.0,364.0,340.0,0.0,340.0
2017-04-04,332.0,332.0,332.0,332.0,0.0,332.0
2017-04-05,324.0,312.0,324.0,312.0,100.0,312.0
2017-04-06,324.0,304.0,324.0,316.0,200.0,316.0
2017-04-07,316.0,300.0,304.0,316.0,0.0,316.0
2017-04-10,328.0,296.0,300.0,328.0,0.0,328.0
2017-04-11,320.0,300.0,304.0,312.0,0.0,312.0
2017-04-12,320.0,304.0,312.0,320.0,0.0,320.0
2017-04-13,320.0,296.0,312.0,316.0,100.0,316.0
2017-04-17,316.0,296.0,312.0,312.0,0.0,312.0
2017-04-18,312.0,284.0,312.0,288.0,0.0,288.0
2017-04-19,300.0,288.0,288.0,300.0,0.0,300.0
2017-04-20,300.0,268.0,300.0,296.0,0.0,296.0
2017-04-21,308.0,284.0,296.0,300.0,0.0,300.0
2017-04-24,312.0,280.0,304.0,312.0,0.0,312.0
2017-04-25,308.0,276.0,276.0,300.0,0.0,300.0
2017-04-26,304.0,300.0,304.0,300.0,0.0,300.0
2017-04-27,304.0,304.0,304.0,304.0,0.0,304.0
2017-04-28,300.0,288.0,288.0,300.0,0.0,300.0
2017-05-01,304.0,280.0,288.0,300.0,0.0,300.0
2017-05-02,300.0,280.0,292.0,288.0,0.0,288.0
2017-05-03,288.0,280.0,288.0,280.0,0.0,280.0
2017-05-04,292.0,280.0,284.0,280.0,0.0,280.0
2017-05-05,300.0,280.0,284.0,296.0,100.0,296.0
2017-05-08,296.0,268.0,296.0,276.0,0.0,276.0
2017-05-09,288.0,256.0,276.0,280.0,0.0,280.0
2017-05-10,300.0,260.0,280.0,300.0,0.0,300.0
2017-05-11,316.0,276.0,300.0,292.0,200.0,292.0
2017-05-12,292.0,280.0,292.0,288.0,0.0,288.0
2017-05-15,284.0,268.0,284.0,272.0,0.0,272.0
2017-05-16,296.0,272.0,280.0,272.0,0.0,272.0
2017-05-17,280.0,264.0,276.0,268.0,0.0,268.0
2017-05-18,300.0,260.0,272.0,300.0,0.0,300.0
2017-05-19,292.0,264.0,272.0,292.0,0.0,292.0
2017-05-22,300.0,276.0,300.0,296.0,0.0,296.0
2017-05-23,296.0,276.0,284.0,276.0,0.0,276.0
2017-05-24,280.0,276.0,280.0,276.0,0.0,276.0
2017-05-25,276.0,268.0,268.0,272.0,0.0,272.0
2017-05-26,272.0,260.0,264.0,268.0,0.0,268.0
2017-05-30,272.0,264.0,268.0,264.0,0.0,264.0
2017-05-31,276.0,260.0,260.0,260.0,0.0,260.0
2017-06-01,288.0,260.0,288.0,284.0,0.0,284.0
2017-06-02,288.0,272.0,272.0,288.0,0.0,288.0
2017-06-05,292.0,268.0,288.0,280.0,0.0,280.0
2017-06-06,292.0,260.0,292.0,276.0,0.0,276.0
2017-06-07,276.0,260.0,276.0,276.0,100.0,276.0
2017-06-08,268.0,264.0,264.0,268.0,0.0,268.0
2017-06-09,284.0,264.0,264.0,280.0,0.0,280.0
2017-06-12,280.0,272.0,280.0,280.0,0.0,280.0
2017-06-13,280.0,272.0,280.0,272.0,0.0,272.0
2017-06-14,276.0,264.0,272.0,264.0,0.0,264.0
2017-06-15,272.0,264.0,272.0,264.0,0.0,264.0
2017-06-16,280.0,264.0,280.0,272.0,0.0,272.0
2017-06-19,272.0,260.0,264.0,268.0,0.0,268.0
2017-06-20,268.0,240.0,260.0,244.0,0.0,244.0
2017-06-21,252.0,240.0,244.0,252.0,100.0,252.0
2017-06-22,248.0,228.0,236.0,240.0,0.0,240.0
2017-06-23,252.0,212.0,240.0,216.0,100.0,216.0
2017-06-26,244.0,204.0,220.0,244.0,0.0,244.0
2017-06-27,240.0,224.0,240.0,236.0,0.0,236.0
2017-06-28,236.0,212.0,220.0,220.0,0.0,220.0
2017-06-29,236.0,236.0,236.0,236.0,0.0,236.0
2017-06-30,236.0,236.0,236.0,236.0,0.0,236.0
2017-07-03,236.0,216.0,216.0,236.0,0.0,236.0
2017-07-05,236.0,224.0,236.0,224.0,0.0,224.0
2017-07-06,228.0,212.0,216.0,228.0,0.0,228.0
2017-07-07,224.0,220.0,224.0,220.0,0.0,220.0
2017-07-10,212.0,212.0,212.0,212.0,0.0,212.0
2017-07-11,220.0,220.0,220.0,220.0,0.0,220.0
2017-07-12,228.0,216.0,228.0,216.0,0.0,216.0
2017-07-13,224.0,188.0,224.0,200.0,100.0,200.0
2017-07-14,204.0,200.0,204.0,200.0,0.0,200.0
2017-07-17,200.0,164.0,200.0,180.0,0.0,180.0
2017-07-18,184.0,160.0,160.0,172.0,0.0,172.0
2017-07-19,160.0,152.0,160.0,160.0,0.0,160.0
2017-07-20,156.0,128.0,144.0,140.0,100.0,140.0
2017-07-21,136.0,120.0,128.0,136.0,0.0,136.0
2017-07-24,140.0,128.0,140.0,140.0,0.0,140.0
2017-07-25,140.0,120.0,132.0,140.0,100.0,140.0
2017-07-26,140.0,124.0,140.0,140.0,0.0,140.0
2017-07-27,184.0,140.0,140.0,164.0,100.0,164.0
2017-07-28,240.0,148.0,148.0,236.0,100.0,236.0
2017-07-31,236.0,196.0,236.0,232.0,0.0,232.0
2017-08-01,236.0,200.0,236.0,200.0,0.0,200.0
2017-08-02,196.0,160.0,192.0,184.0,0.0,184.0
2017-08-03,188.0,144.0,144.0,172.0,0.0,172.0
2017-08-04,204.0,152.0,204.0,184.0,100.0,184.0
2017-08-07,176.0,148.0,148.0,152.0,100.0,152.0
2017-08-08,160.0,144.0,160.0,144.0,100.0,144.0
2017-08-09,164.0,144.0,152.0,164.0,0.0,164.0
2017-08-10,148.0,132.0,136.0,144.0,100.0,144.0
2017-08-11,148.0,144.0,148.0,144.0,0.0,144.0
2017-08-14,128.0,76.0,128.0,92.0,800.0,92.0
2017-08-15,104.0,80.0,104.0,80.0,500.0,80.0
2017-08-16,88.0,80.0,84.0,88.0,200.0,88.0
2017-08-17,88.0,80.0,88.0,80.0,200.0,80.0
2017-08-18,88.0,80.0,84.0,84.0,300.0,84.0
2017-08-21,84.0,76.0,80.0,76.0,100.0,76.0
2017-08-22,84.0,76.0,76.0,80.0,0.0,80.0
2017-08-23,92.0,84.0,84.0,92.0,600.0,92.0
2017-08-24,96.0,84.0,92.0,84.0,200.0,84.0
2017-08-25,92.0,88.0,88.0,88.0,400.0,88.0
2017-08-28,88.0,68.0,84.0,72.0,400.0,72.0
2017-08-29,72.0,72.0,72.0,72.0,0.0,72.0
2017-08-30,76.0,74.0,76.0,74.19999694824219,800.0,74.19999694824219
2017-08-31,78.0,74.4000015258789,76.0,75.0,500.0,75.0
2017-09-01,76.0,72.0,76.0,72.0,200.0,72.0
2017-09-05,77.0,75.0,75.0,77.0,0.0,77.0
2017-09-06,77.0,74.0,74.0,75.0,300.0,75.0
2017-09-07,76.0,72.4000015258789,75.0,75.0,300.0,75.0
2017-09-08,77.0,75.0,75.0,77.0,300.0,77.0
2017-09-11,77.0,77.0,77.0,77.0,0.0,77.0
2017-09-12,78.0,77.0,77.0,78.0,100.0,78.0
2017-09-13,78.0,74.0,78.0,75.0,600.0,75.0
2017-09-14,90.0,77.0,78.0,77.0,200.0,77.0
2017-09-15,86.5999984741211,82.0,86.5999984741211,82.0,0.0,82.0
2017-09-18,77.0,75.0,75.0,75.0,500.0,75.0
2017-09-19,83.0,77.0,77.0,83.0,0.0,83.0
2017-09-20,80.4000015258789,78.0,80.4000015258789,78.0,100.0,78.0
2017-09-21,80.0,80.0,80.0,80.0,0.0,80.0
2017-09-22,81.0,81.0,81.0,81.0,0.0,81.0
2017-09-25,78.4000015258789,76.0,78.4000015258789,76.0,0.0,76.0
2017-09-26,81.0,78.4000015258789,78.4000015258789,79.0,700.0,79.0
2017-09-27,82.80000305175781,80.0,80.0,82.0,400.0,82.0
2017-09-28,82.0,82.0,82.0,82.0,0.0,82.0
2017-09-29,80.0,80.0,80.0,80.0,0.0,80.0
2017-10-02,82.80000305175781,80.0,82.80000305175781,80.0,100.0,80.0
2017-10-03,82.80000305175781,82.80000305175781,82.80000305175781,82.80000305175781,0.0,82.80000305175781
2017-10-04,82.0,80.0,80.0,82.0,0.0,82.0
2017-10-05,81.5999984741211,80.0,80.0,81.5999984741211,100.0,81.5999984741211
2017-10-06,81.0,80.0,80.19999694824219,80.0,200.0,80.0
2017-10-09,80.0,72.0,80.0,80.0,200.0,80.0
2017-10-10,80.4000015258789,78.0,80.0,79.0,200.0,79.0
2017-10-11,85.19999694824219,80.0,84.0,80.0,0.0,80.0
2017-10-12,93.0,84.0,84.0,88.0,200.0,88.0
2017-10-13,93.0,88.0,89.0,91.0,200.0,91.0
2017-10-16,93.0,93.0,93.0,93.0,200.0,93.0
2017-10-17,116.0,90.0,91.5999984741211,106.0,400.0,106.0
2017-10-18,135.0,120.0,120.0,126.19999694824219,1200.0,126.19999694824219
2017-10-19,128.0,120.0,126.80000305175781,127.0,200.0,127.0
2017-10-20,136.39999389648438,107.4000015258789,127.0,113.0,1000.0,113.0
2017-10-23,122.0,90.19999694824219,122.0,91.4000015258789,900.0,91.4000015258789
2017-10-24,94.19999694824219,90.0,90.0,92.19999694824219,300.0,92.19999694824219
2017-10-25,88.0,56.0,88.0,69.4000015258789,15500.0,69.4000015258789
2017-10-26,74.0,65.0,71.5999984741211,73.4000015258789,4800.0,73.4000015258789
2017-10-27,76.0,71.80000305175781,74.0,74.0,2400.0,74.0
2017-10-30,74.0,63.400001525878906,65.4000015258789,67.0,2000.0,67.0
2017-10-31,70.0,64.0,65.80000305175781,66.0,2000.0,66.0
2017-11-01,68.0,65.0,68.0,65.80000305175781,400.0,65.80000305175781
2017-11-02,67.80000305175781,67.0,67.0,67.0,300.0,67.0
2017-11-03,74.5999984741211,67.19999694824219,69.0,69.0,700.0,69.0
2017-11-06,72.19999694824219,65.4000015258789,72.19999694824219,69.4000015258789,2200.0,69.4000015258789
2017-11-07,79.0,65.4000015258789,70.0,71.0,2000.0,71.0
2017-11-08,72.0,69.0,69.4000015258789,71.80000305175781,400.0,71.80000305175781
2017-11-09,72.0,67.19999694824219,72.0,71.0,1300.0,71.0
2017-11-10,77.5999984741211,61.0,76.0,61.20000076293945,8500.0,61.20000076293945
2017-11-13,64.0,47.0,64.0,56.0,6800.0,56.0
2017-11-14,56.0,51.400001525878906,56.0,55.599998474121094,100.0,55.599998474121094
2017-11-15,56.599998474121094,52.20000076293945,52.20000076293945,54.599998474121094,1000.0,54.599998474121094
2017-11-16,60.0,51.0,55.0,58.79999923706055,1200.0,58.79999923706055
2017-11-17,61.0,55.20000076293945,60.0,61.0,2500.0,61.0
2017-11-20,60.0,59.20000076293945,60.0,59.599998474121094,400.0,59.599998474121094
2017-11-21,61.0,51.79999923706055,60.0,52.0,2800.0,52.0
2017-11-22,63.79999923706055,53.20000076293945,53.20000076293945,60.599998474121094,2300.0,60.599998474121094
2017-11-24,60.0,56.0,60.0,56.0,1500.0,56.0
2017-11-27,58.0,55.0,55.79999923706055,57.599998474121094,400.0,57.599998474121094
2017-11-28,64.0,54.79999923706055,62.0,56.0,5600.0,56.0
2017-11-29,58.0,49.0,58.0,53.0,3100.0,53.0
2017-11-30,58.79999923706055,50.20000076293945,52.79999923706055,56.79999923706055,2000.0,56.79999923706055
2017-12-01,58.400001525878906,57.0,57.599998474121094,58.0,1000.0,58.0
2017-12-04,60.0,57.0,57.0,59.599998474121094,1200.0,59.599998474121094
2017-12-05,59.599998474121094,54.0,59.599998474121094,55.0,1000.0,55.0
2017-12-06,56.0,55.0,55.20000076293945,55.0,300.0,55.0
2017-12-07,54.0,50.0,52.20000076293945,51.599998474121094,400.0,51.599998474121094
2017-12-08,54.79999923706055,49.0,50.599998474121094,51.0,1100.0,51.0
2017-12-11,56.0,52.0,52.20000076293945,55.79999923706055,2800.0,55.79999923706055
2017-12-12,65.0,44.20000076293945,56.0,50.20000076293945,36800.0,50.20000076293945
2017-12-13,56.0,50.0,50.599998474121094,53.0,5400.0,53.0
2017-12-14,56.0,52.0,53.20000076293945,55.79999923706055,2300.0,55.79999923706055
2017-12-15,123.0,49.0,56.0,49.0,85300.0,49.0
2017-12-18,53.599998474121094,49.20000076293945,51.79999923706055,49.79999923706055,7400.0,49.79999923706055
2017-12-19,50.0,43.0,49.599998474121094,47.20000076293945,9200.0,47.20000076293945
2017-12-20,48.599998474121094,43.0,47.0,44.20000076293945,5100.0,44.20000076293945
2017-12-21,46.20000076293945,41.0,44.20000076293945,42.599998474121094,2900.0,42.599998474121094
2017-12-22,44.400001525878906,42.0,43.400001525878906,44.0,2300.0,44.0
2017-12-26,47.20000076293945,43.0,45.599998474121094,43.0,3400.0,43.0
2017-12-27,45.0,42.0,42.79999923706055,42.0,2300.0,42.0
2017-12-28,44.79999923706055,42.599998474121094,42.599998474121094,44.400001525878906,1800.0,44.400001525878906
2017-12-29,45.79999923706055,42.0,45.20000076293945,44.599998474121094,1800.0,44.599998474121094
2018-01-02,50.0,44.79999923706055,44.79999923706055,46.20000076293945,1100.0,46.20000076293945
2018-01-03,50.400001525878906,47.0,47.0,50.400001525878906,2000.0,50.400001525878906
2018-01-04,51.0,48.0,50.79999923706055,51.0,1200.0,51.0
2018-01-05,52.0,48.599998474121094,51.0,51.599998474121094,1300.0,51.599998474121094
2018-01-08,51.599998474121094,48.20000076293945,51.599998474121094,49.400001525878906,800.0,49.400001525878906
2018-01-09,51.599998474121094,47.0,48.20000076293945,47.20000076293945,800.0,47.20000076293945
2018-01-10,51.0,47.599998474121094,47.599998474121094,48.400001525878906,600.0,48.400001525878906
2018-01-11,50.0,47.0,49.20000076293945,48.0,800.0,48.0
2018-01-12,58.0,48.599998474121094,48.599998474121094,56.20000076293945,12600.0,56.20000076293945
2018-01-16,78.0,56.0,58.0,68.5999984741211,33500.0,68.5999984741211
2018-01-17,77.80000305175781,62.20000076293945,67.19999694824219,75.80000305175781,14000.0,75.80000305175781
2018-01-18,85.19999694824219,68.0,75.80000305175781,72.5999984741211,14000.0,72.5999984741211
2018-01-19,72.5999984741211,63.20000076293945,72.19999694824219,68.19999694824219,4300.0,68.19999694824219
2018-01-22,67.5999984741211,62.20000076293945,67.5999984741211,65.0,2600.0,65.0
2018-01-23,68.4000015258789,65.19999694824219,65.19999694824219,67.4000015258789,2200.0,67.4000015258789
2018-01-24,71.5999984741211,63.599998474121094,69.0,70.80000305175781,4500.0,70.80000305175781
2018-01-25,77.19999694824219,69.4000015258789,70.5999984741211,73.0,2200.0,73.0
2018-01-26,76.0,70.19999694824219,74.80000305175781,71.19999694824219,3100.0,71.19999694824219
2018-01-29,73.0,63.0,72.80000305175781,63.79999923706055,2800.0,63.79999923706055
2018-01-30,69.80000305175781,58.0,62.0,59.79999923706055,5900.0,59.79999923706055
2018-01-31,59.599998474121094,56.20000076293945,59.20000076293945,58.20000076293945,800.0,58.20000076293945
2018-02-01,63.0,53.400001525878906,59.400001525878906,54.400001525878906,700.0,54.400001525878906
2018-02-02,56.20000076293945,52.599998474121094,53.400001525878906,53.0,1400.0,53.0
2018-02-05,64.5999984741211,53.400001525878906,53.599998474121094,58.79999923706055,5700.0,58.79999923706055
2018-02-06,60.0,54.599998474121094,60.0,56.400001525878906,600.0,56.400001525878906
2018-02-07,62.0,55.599998474121094,56.400001525878906,58.0,300.0,58.0
2018-02-08,61.79999923706055,53.20000076293945,58.0,55.0,900.0,55.0
2018-02-09,50.0,35.400001525878906,48.0,40.0,14000.0,40.0
2018-02-12,43.599998474121094,35.400001525878906,40.20000076293945,35.79999923706055,4200.0,35.79999923706055
2018-02-13,30.0,24.200000762939453,29.399999618530273,26.399999618530273,18600.0,26.399999618530273
2018-02-14,27.0,25.0,26.399999618530273,25.0,6400.0,25.0
2018-02-15,29.0,25.399999618530273,25.399999618530273,26.799999237060547,10000.0,26.799999237060547
2018-02-16,27.0,26.0,27.0,26.799999237060547,2400.0,26.799999237060547
2018-02-20,29.0,25.0,27.200000762939453,25.200000762939453,2700.0,25.200000762939453
2018-02-21,37.400001525878906,23.0,32.400001525878906,23.200000762939453,91100.0,23.200000762939453
2018-02-22,23.799999237060547,20.0,23.0,20.0,12000.0,20.0
2018-02-23,21.600000381469727,17.0,20.0,17.200000762939453,19400.0,17.200000762939453
2018-02-26,18.200000762939453,12.800000190734863,18.200000762939453,13.600000381469727,21300.0,13.600000381469727
2018-02-27,15.0,9.199999809265137,14.399999618530273,9.800000190734863,22800.0,9.800000190734863
2018-02-28,20.0,10.199999809265137,10.199999809265137,12.800000190734863,104700.0,12.800000190734863
2018-03-01,13.399999618530273,11.0,12.399999618530273,11.199999809265137,32100.0,11.199999809265137
2018-03-02,8.600000381469727,7.599999904632568,7.800000190734863,8.0,405600.0,8.0
2018-03-05,8.600000381469727,8.0,8.399999618530273,8.399999618530273,99900.0,8.399999618530273
2018-03-06,8.600000381469727,7.800000190734863,8.399999618530273,8.399999618530273,91600.0,8.399999618530273
2018-03-07,8.800000190734863,8.0,8.399999618530273,8.199999809265137,126300.0,8.199999809265137
2018-03-08,8.600000381469727,8.0,8.399999618530273,8.0,82600.0,8.0
2018-03-09,8.399999618530273,7.599999904632568,8.399999618530273,7.800000190734863,60900.0,7.800000190734863
2018-03-12,8.199999809265137,7.599999904632568,8.0,8.199999809265137,35500.0,8.199999809265137
2018-03-13,8.399999618530273,8.0,8.199999809265137,8.199999809265137,40500.0,8.199999809265137
2018-03-14,9.0,8.0,8.399999618530273,8.600000381469727,208900.0,8.600000381469727
2018-03-15,9.0,8.199999809265137,8.600000381469727,8.399999618530273,140100.0,8.399999618530273
2018-03-16,8.800000190734863,8.199999809265137,8.399999618530273,8.600000381469727,110000.0,8.600000381469727
2018-03-19,8.800000190734863,8.399999618530273,8.800000190734863,8.600000381469727,59100.0,8.600000381469727
2018-03-20,9.399999618530273,8.600000381469727,8.600000381469727,9.0,531700.0,9.0
2018-03-21,9.399999618530273,8.399999618530273,9.0,8.600000381469727,215900.0,8.600000381469727
2018-03-22,9.0,8.199999809265137,9.0,8.399999618530273,93800.0,8.399999618530273
2018-03-23,10.199999809265137,8.399999618530273,8.600000381469727,9.800000190734863,280200.0,9.800000190734863
2018-03-26,12.199999809265137,10.199999809265137,10.199999809265137,12.0,682000.0,12.0
2018-03-27,15.199999809265137,12.800000190734863,13.0,14.399999618530273,1151800.0,14.399999618530273
2018-03-28,14.0,11.199999809265137,14.0,11.800000190734863,532100.0,11.800000190734863
2018-03-29,13.399999618530273,11.0,12.0,12.800000190734863,264900.0,12.800000190734863
2018-04-02,12.800000190734863,11.600000381469727,12.600000381469727,12.0,118200.0,12.0
2018-04-03,12.0,10.0,11.600000381469727,10.800000190734863,202600.0,10.800000190734863
2018-04-04,10.800000190734863,9.199999809265137,10.800000190734863,9.800000190734863,173000.0,9.800000190734863
2018-04-05,10.600000381469727,9.800000190734863,9.800000190734863,10.600000381469727,80600.0,10.600000381469727
2018-04-06,12.399999618530273,10.600000381469727,10.600000381469727,11.199999809265137,220100.0,11.199999809265137
2018-04-09,12.600000381469727,11.199999809265137,11.800000190734863,12.600000381469727,184200.0,12.600000381469727
2018-04-10,12.800000190734863,11.399999618530273,12.800000190734863,12.399999618530273,129900.0,12.399999618530273
2018-04-11,12.199999809265137,11.199999809265137,12.199999809265137,11.600000381469727,92600.0,11.600000381469727
2018-04-12,11.600000381469727,10.600000381469727,11.199999809265137,10.600000381469727,100000.0,10.600000381469727
2018-04-13,11.199999809265137,10.399999618530273,11.199999809265137,10.399999618530273,87700.0,10.399999618530273
2018-04-16,10.600000381469727,10.0,10.199999809265137,10.199999809265137,72200.0,10.199999809265137
2018-04-17,11.399999618530273,10.0,10.399999618530273,10.399999618530273,80900.0,10.399999618530273
2018-04-18,11.199999809265137,10.600000381469727,10.600000381469727,10.600000381469727,86400.0,10.600000381469727
2018-04-19,12.399999618530273,10.399999618530273,10.800000190734863,12.199999809265137,306000.0,12.199999809265137
2018-04-20,12.600000381469727,11.399999618530273,12.399999618530273,11.800000190734863,161900.0,11.800000190734863
2018-04-23,12.0,11.0,11.800000190734863,11.399999618530273,100300.0,11.399999618530273
2018-04-24,12.600000381469727,11.199999809265137,11.600000381469727,11.600000381469727,195700.0,11.600000381469727
2018-04-25,11.800000190734863,11.0,11.800000190734863,11.199999809265137,115200.0,11.199999809265137
2018-04-26,12.0,11.199999809265137,11.199999809265137,11.199999809265137,96500.0,11.199999809265137
2018-04-27,11.800000190734863,11.199999809265137,11.399999618530273,11.399999618530273,117700.0,11.399999618530273
2018-04-30,9.800000190734863,9.199999809265137,9.600000381469727,9.399999618530273,245200.0,9.399999618530273
2018-05-01,9.600000381469727,8.0,9.399999618530273,8.399999618530273,169200.0,8.399999618530273
2018-05-02,8.0,6.800000190734863,7.800000190734863,7.800000190734863,208100.0,7.800000190734863
2018-05-03,8.399999618530273,7.400000095367432,8.0,8.199999809265137,72100.0,8.199999809265137
2018-05-04,8.199999809265137,7.800000190734863,8.199999809265137,8.199999809265137,43800.0,8.199999809265137
2018-05-07,8.800000190734863,7.800000190734863,8.399999618530273,8.600000381469727,42000.0,8.600000381469727
2018-05-08,8.600000381469727,8.0,8.600000381469727,8.0,30100.0,8.0
2018-05-09,8.399999618530273,7.599999904632568,8.399999618530273,7.800000190734863,34000.0,7.800000190734863
2018-05-10,7.800000190734863,7.199999809265137,7.800000190734863,7.199999809265137,51900.0,7.199999809265137
2018-05-11,7.400000095367432,6.400000095367432,7.199999809265137,6.599999904632568,72900.0,6.599999904632568
2018-05-14,8.199999809265137,7.0,7.0,7.800000190734863,164300.0,7.800000190734863
2018-05-15,10.800000190734863,7.800000190734863,10.800000190734863,8.199999809265137,485000.0,8.199999809265137
2018-05-16,8.399999618530273,7.400000095367432,8.199999809265137,7.800000190734863,132300.0,7.800000190734863
2018-05-17,8.600000381469727,7.400000095367432,7.599999904632568,7.599999904632568,67600.0,7.599999904632568
2018-05-18,8.0,7.199999809265137,8.0,7.400000095367432,78900.0,7.400000095367432
2018-05-21,7.800000190734863,7.0,7.599999904632568,7.199999809265137,58200.0,7.199999809265137
2018-05-22,7.400000095367432,6.800000190734863,7.0,7.0,108700.0,7.0
2018-05-23,6.800000190734863,6.199999809265137,6.599999904632568,6.599999904632568,64100.0,6.599999904632568
2018-05-24,7.199999809265137,6.400000095367432,6.599999904632568,7.199999809265137,56600.0,7.199999809265137
2018-05-25,7.400000095367432,6.800000190734863,7.199999809265137,7.199999809265137,34500.0,7.199999809265137
2018-05-29,7.199999809265137,6.599999904632568,7.199999809265137,7.0,30100.0,7.0
2018-05-30,7.400000095367432,6.599999904632568,7.0,6.800000190734863,39400.0,6.800000190734863
2018-05-31,7.0,6.599999904632568,7.0,6.800000190734863,19200.0,6.800000190734863
2018-06-01,7.400000095367432,6.599999904632568,7.400000095367432,6.800000190734863,39300.0,6.800000190734863
2018-06-04,7.0,6.599999904632568,7.0,6.800000190734863,30500.0,6.800000190734863
2018-06-05,6.800000190734863,6.199999809265137,6.800000190734863,6.599999904632568,51800.0,6.599999904632568
2018-06-06,6.599999904632568,6.0,6.400000095367432,6.199999809265137,101300.0,6.199999809265137
2018-06-07,6.400000095367432,6.0,6.199999809265137,6.199999809265137,57900.0,6.199999809265137
2018-06-08,6.199999809265137,5.800000190734863,6.199999809265137,6.0,50200.0,6.0
2018-06-11,6.400000095367432,6.0,6.0,6.400000095367432,36500.0,6.400000095367432
2018-06-12,9.199999809265137,6.400000095367432,6.400000095367432,7.800000190734863,762200.0,7.800000190734863
2018-06-13,10.399999618530273,7.800000190734863,10.199999809265137,8.0,1002100.0,8.0
2018-06-14,7.800000190734863,6.800000190734863,7.599999904632568,7.199999809265137,212200.0,7.199999809265137
2018-06-15,7.199999809265137,6.800000190734863,7.0,7.199999809265137,47200.0,7.199999809265137
2018-06-18,7.0,6.599999904632568,7.0,6.599999904632568,62700.0,6.599999904632568
2018-06-19,6.800000190734863,6.199999809265137,6.199999809265137,6.800000190734863,44700.0,6.800000190734863
2018-06-20,6.800000190734863,6.400000095367432,6.599999904632568,6.599999904632568,41500.0,6.599999904632568
2018-06-21,6.800000190734863,6.199999809265137,6.400000095367432,6.599999904632568,34900.0,6.599999904632568
2018-06-22,6.599999904632568,6.199999809265137,6.599999904632568,6.199999809265137,24400.0,6.199999809265137
2018-06-25,6.599999904632568,6.0,6.400000095367432,6.0,21200.0,6.0
2018-06-26,6.400000095367432,6.0,6.0,6.199999809265137,23700.0,6.199999809265137
2018-06-27,6.400000095367432,6.0,6.199999809265137,6.0,20900.0,6.0
2018-06-28,6.0,4.599999904632568,5.800000190734863,5.400000095367432,65700.0,5.400000095367432
2018-06-29,5.599999904632568,5.0,5.400000095367432,5.199999809265137,43700.0,5.199999809265137
2018-07-02,5.800000190734863,5.0,5.0,5.199999809265137,55200.0,5.199999809265137
2018-07-03,5.400000095367432,5.199999809265137,5.199999809265137,5.199999809265137,12900.0,5.199999809265137
2018-07-05,6.199999809265137,5.199999809265137,5.199999809265137,5.400000095367432,93700.0,5.400000095367432
2018-07-06,5.800000190734863,5.199999809265137,5.400000095367432,5.599999904632568,34800.0,5.599999904632568
2018-07-09,6.0,5.0,5.599999904632568,5.599999904632568,37600.0,5.599999904632568
2018-07-10,6.0,5.599999904632568,6.0,5.800000190734863,38100.0,5.800000190734863
2018-07-11,6.199999809265137,5.400000095367432,6.0,6.0,38800.0,6.0
2018-07-12,6.199999809265137,5.599999904632568,6.199999809265137,6.0,26100.0,6.0
2018-07-13,6.199999809265137,5.800000190734863,6.199999809265137,5.800000190734863,14700.0,5.800000190734863
2018-07-16,6.400000095367432,5.800000190734863,6.199999809265137,5.800000190734863,33600.0,5.800000190734863
2018-07-17,5.800000190734863,5.199999809265137,5.800000190734863,5.400000095367432,42600.0,5.400000095367432
2018-07-18,5.800000190734863,5.400000095367432,5.400000095367432,5.800000190734863,18500.0,5.800000190734863
2018-07-19,6.0,5.199999809265137,6.0,5.599999904632568,25700.0,5.599999904632568
2018-07-20,6.0,5.400000095367432,5.400000095367432,5.800000190734863,30300.0,5.800000190734863
2018-07-23,6.0,5.599999904632568,5.800000190734863,5.599999904632568,17300.0,5.599999904632568
2018-07-24,6.0,5.400000095367432,5.599999904632568,5.400000095367432,28500.0,5.400000095367432
2018-07-25,6.0,5.199999809265137,5.400000095367432,5.599999904632568,137500.0,5.599999904632568
2018-07-26,6.0,5.599999904632568,5.800000190734863,5.800000190734863,56600.0,5.800000190734863
2018-07-27,6.0,5.599999904632568,6.0,5.800000190734863,17800.0,5.800000190734863
2018-07-30,6.0,5.599999904632568,6.0,5.599999904632568,19900.0,5.599999904632568
2018-07-31,7.800000190734863,5.599999904632568,5.599999904632568,6.800000190734863,487600.0,6.800000190734863
2018-08-01,6.800000190734863,5.800000190734863,6.599999904632568,6.0,89200.0,6.0
2018-08-02,6.0,5.400000095367432,6.0,5.800000190734863,66000.0,5.800000190734863
2018-08-03,6.800000190734863,5.599999904632568,5.800000190734863,6.400000095367432,83800.0,6.400000095367432
2018-08-06,6.599999904632568,6.0,6.599999904632568,6.199999809265137,29300.0,6.199999809265137
2018-08-07,6.400000095367432,6.0,6.400000095367432,6.0,23400.0,6.0
2018-08-08,6.199999809265137,6.0,6.0,6.0,16300.0,6.0
2018-08-09,6.199999809265137,6.0,6.0,6.199999809265137,14300.0,6.199999809265137
2018-08-10,6.0,5.0,5.599999904632568,5.400000095367432,136600.0,5.400000095367432
2018-08-13,6.960000038146973,4.099999904632568,4.710000038146973,4.300000190734863,1029600.0,4.300000190734863
2018-08-14,4.630000114440918,4.21999979019165,4.25,4.320000171661377,101200.0,4.320000171661377
2018-08-15,4.590000152587891,3.859999895095825,4.300000190734863,4.559999942779541,149400.0,4.559999942779541
2018-08-16,4.559999942779541,4.130000114440918,4.449999809265137,4.21999979019165,42300.0,4.21999979019165
2018-08-17,4.949999809265137,4.110000133514404,4.199999809265137,4.539999961853027,214700.0,4.539999961853027
2018-08-20,4.800000190734863,4.420000076293945,4.5,4.489999771118164,71100.0,4.489999771118164
2018-08-21,4.690000057220459,4.150000095367432,4.460000038146973,4.409999847412109,40300.0,4.409999847412109
2018-08-22,4.679999828338623,4.420000076293945,4.420000076293945,4.579999923706055,23800.0,4.579999923706055
2018-08-23,4.800000190734863,4.449999809265137,4.599999904632568,4.449999809265137,24500.0,4.449999809265137
2018-08-24,4.630000114440918,4.389999866485596,4.480000019073486,4.409999847412109,32800.0,4.409999847412109
2018-08-27,4.570000171661377,4.150000095367432,4.550000190734863,4.320000171661377,52000.0,4.320000171661377
2018-08-28,4.340000152587891,4.210000038146973,4.340000152587891,4.230000019073486,16200.0,4.230000019073486
2018-08-29,4.559999942779541,4.230000019073486,4.239999771118164,4.429999828338623,22200.0,4.429999828338623
2018-08-30,4.53000020980835,4.289999961853027,4.510000228881836,4.5,8100.0,4.5
2018-08-31,4.46999979019165,4.260000228881836,4.409999847412109,4.309999942779541,19700.0,4.309999942779541
2018-09-04,4.489999771118164,4.199999809265137,4.300000190734863,4.230000019073486,34700.0,4.230000019073486
2018-09-05,4.449999809265137,3.950000047683716,4.210000038146973,3.950000047683716,37000.0,3.950000047683716
2018-09-06,4.0,3.700000047683716,3.9600000381469727,4.0,140500.0,4.0
2018-09-07,4.449999809265137,3.7100000381469727,4.110000133514404,3.75,233500.0,3.75
2018-09-10,3.200000047683716,2.9000000953674316,3.1700000762939453,3.0399999618530273,306300.0,3.0399999618530273
2018-09-11,3.1600000858306885,2.9200000762939453,3.009999990463257,2.9600000381469727,78600.0,2.9600000381469727
2018-09-12,3.0,2.7300000190734863,3.0,2.8399999141693115,82500.0,2.8399999141693115
2018-09-13,2.940000057220459,2.759999990463257,2.8399999141693115,2.940000057220459,43100.0,2.940000057220459
2018-09-14,3.140000104904175,2.950000047683716,2.950000047683716,3.0199999809265137,58000.0,3.0199999809265137
2018-09-17,3.0799999237060547,2.809999942779541,3.0199999809265137,2.8299999237060547,44500.0,2.8299999237060547
2018-09-18,2.7799999713897705,2.7300000190734863,2.7699999809265137,2.7300000190734863,33000.0,2.7300000190734863
2018-09-19,3.0,2.490000009536743,2.7100000381469727,3.0,61900.0,3.0
2018-09-20,4.800000190734863,2.8399999141693115,2.9700000286102295,3.4000000953674316,1638300.0,3.4000000953674316
2018-09-21,3.369999885559082,2.799999952316284,3.319999933242798,2.799999952316284,264700.0,2.799999952316284
2018-09-24,3.0,2.549999952316284,2.8299999237060547,2.609999895095825,337100.0,2.609999895095825
2018-09-25,2.759999990463257,2.5,2.6500000953674316,2.6700000762939453,142300.0,2.6700000762939453
2018-09-26,2.6600000858306885,2.4000000953674316,2.6600000858306885,2.4100000858306885,174300.0,2.4100000858306885
2018-09-27,2.4700000286102295,2.4000000953674316,2.450000047683716,2.440000057220459,58400.0,2.440000057220459
2018-09-28,4.0,2.4000000953674316,2.4200000762939453,2.759999990463257,2800500.0,2.759999990463257
2018-10-01,2.890000104904175,2.5199999809265137,2.7200000286102295,2.6700000762939453,257500.0,2.6700000762939453
2018-10-02,3.2300000190734863,2.5,2.6500000953674316,2.630000114440918,528700.0,2.630000114440918
2018-10-03,3.0,2.4000000953674316,2.5999999046325684,2.509999990463257,550800.0,2.509999990463257
2018-10-04,2.440000057220459,2.009999990463257,2.4000000953674316,2.0199999809265137,749000.0,2.0199999809265137
2018-10-05,1.4299999475479126,1.25,1.409999966621399,1.2899999618530273,2147400.0,1.2899999618530273
2018-10-08,1.3600000143051147,1.1699999570846558,1.3600000143051147,1.2200000286102295,377800.0,1.2200000286102295
2018-10-09,1.2400000095367432,1.100000023841858,1.2100000381469727,1.1200000047683716,459300.0,1.1200000047683716
2018-10-10,1.2300000190734863,1.0399999618530273,1.1200000047683716,1.1200000047683716,566000.0,1.1200000047683716
2018-10-11,1.1399999856948853,1.0099999904632568,1.1399999856948853,1.1200000047683716,369900.0,1.1200000047683716
2018-10-12,1.1799999475479126,1.100000023841858,1.149999976158142,1.1200000047683716,342300.0,1.1200000047683716
2018-10-15,1.2000000476837158,1.0800000429153442,1.1200000047683716,1.190000057220459,320800.0,1.190000057220459
2018-10-16,1.2799999713897705,1.1699999570846558,1.2000000476837158,1.2100000381469727,349100.0,1.2100000381469727
2018-10-17,1.25,1.149999976158142,1.2300000190734863,1.2300000190734863,213400.0,1.2300000190734863
2018-10-18,1.2699999809265137,1.190000057220459,1.2300000190734863,1.2300000190734863,206500.0,1.2300000190734863
2018-10-19,1.2699999809265137,1.1699999570846558,1.2699999809265137,1.2100000381469727,225800.0,1.2100000381469727
2018-10-22,1.4600000381469727,1.25,1.4500000476837158,1.2699999809265137,1161800.0,1.2699999809265137
2018-10-23,1.2799999713897705,1.1699999570846558,1.25,1.2100000381469727,314600.0,1.2100000381469727
2018-10-24,1.25,1.0199999809265137,1.2100000381469727,1.1100000143051147,373800.0,1.1100000143051147
2018-10-25,1.1399999856948853,1.0499999523162842,1.1100000143051147,1.0700000524520874,126900.0,1.0700000524520874
2018-10-26,1.25,1.0700000524520874,1.0800000429153442,1.2200000286102295,337600.0,1.2200000286102295
2018-10-29,1.2999999523162842,1.1200000047683716,1.2599999904632568,1.1799999475479126,319900.0,1.1799999475479126
2018-10-30,1.2000000476837158,1.0299999713897705,1.1799999475479126,1.0399999618530273,369200.0,1.0399999618530273
2018-10-31,1.100000023841858,1.0399999618530273,1.0800000429153442,1.059999942779541,90600.0,1.059999942779541
2018-11-01,1.1399999856948853,1.0499999523162842,1.0700000524520874,1.1399999856948853,185900.0,1.1399999856948853
2018-11-02,1.2000000476837158,1.1100000143051147,1.190000057220459,1.1399999856948853,111700.0,1.1399999856948853
2018-11-05,1.590000033378601,1.100000023841858,1.5299999713897705,1.1100000143051147,12623800.0,1.1100000143051147
2018-11-06,1.1200000047683716,1.0299999713897705,1.100000023841858,1.0800000429153442,1194500.0,1.0800000429153442
2018-11-07,1.2300000190734863,1.0800000429153442,1.1100000143051147,1.1100000143051147,1038600.0,1.1100000143051147
2018-11-08,1.090000033378601,1.0,1.0700000524520874,1.0499999523162842,866400.0,1.0499999523162842
2018-11-09,1.0299999713897705,0.7900000214576721,1.0299999713897705,0.9399999976158142,1060100.0,0.9399999976158142
2018-11-12,0.9900000095367432,0.8500000238418579,0.9399999976158142,0.9399999976158142,822800.0,0.9399999976158142
2018-11-13,1.090000033378601,0.8600000143051147,0.8799999952316284,1.0700000524520874,1041100.0,1.0700000524520874
2018-11-14,1.059999942779541,0.9599999785423279,1.0499999523162842,1.059999942779541,476700.0,1.059999942779541
2018-11-15,1.0099999904632568,0.8799999952316284,0.9599999785423279,1.0,335400.0,1.0
2018-11-16,1.0099999904632568,0.949999988079071,1.0,0.949999988079071,192700.0,0.949999988079071
2018-11-19,0.9900000095367432,0.8600000143051147,0.9700000286102295,0.8799999952316284,266100.0,0.8799999952316284
2018-11-20,0.9200000166893005,0.8399999737739563,0.8899999856948853,0.8799999952316284,176100.0,0.8799999952316284
2018-11-21,0.9399999976158142,0.8600000143051147,0.8799999952316284,0.8799999952316284,346300.0,0.8799999952316284
2018-11-23,0.9200000166893005,0.8399999737739563,0.8799999952316284,0.8700000047683716,168000.0,0.8700000047683716
2018-11-26,0.9800000190734863,0.8399999737739563,0.8899999856948853,0.8899999856948853,291600.0,0.8899999856948853
2018-11-27,0.8999999761581421,0.8500000238418579,0.8799999952316284,0.8700000047683716,71100.0,0.8700000047683716
2018-11-28,0.9300000071525574,0.8500000238418579,0.8700000047683716,0.8799999952316284,278000.0,0.8799999952316284
2018-11-29,0.9100000262260437,0.8600000143051147,0.8899999856948853,0.8799999952316284,101000.0,0.8799999952316284
2018-11-30,1.1399999856948853,0.9100000262260437,0.9100000262260437,1.0099999904632568,2368200.0,1.0099999904632568
2018-12-03,1.0700000524520874,0.9100000262260437,1.0299999713897705,1.0399999618530273,642300.0,1.0399999618530273
2018-12-04,1.090000033378601,0.949999988079071,0.949999988079071,1.0800000429153442,583600.0,1.0800000429153442
2018-12-06,1.0800000429153442,0.9700000286102295,1.0800000429153442,1.0399999618530273,325300.0,1.0399999618530273
2018-12-07,1.0399999618530273,0.9700000286102295,1.0399999618530273,0.9700000286102295,200300.0,0.9700000286102295
2018-12-10,1.0099999904632568,0.8700000047683716,1.0099999904632568,0.9200000166893005,255200.0,0.9200000166893005
2018-12-11,0.9700000286102295,0.8799999952316284,0.9300000071525574,0.8899999856948853,93800.0,0.8899999856948853
2018-12-12,0.9399999976158142,0.8999999761581421,0.8999999761581421,0.8999999761581421,73400.0,0.8999999761581421
2018-12-13,0.9700000286102295,0.9100000262260437,0.9100000262260437,0.9200000166893005,163300.0,0.9200000166893005
2018-12-14,0.949999988079071,0.8999999761581421,0.9399999976158142,0.8999999761581421,74000.0,0.8999999761581421
2018-12-17,0.9399999976158142,0.8700000047683716,0.9300000071525574,0.8799999952316284,88700.0,0.8799999952316284
2018-12-18,0.9300000071525574,0.8600000143051147,0.9300000071525574,0.8999999761581421,124400.0,0.8999999761581421
2018-12-19,0.9200000166893005,0.8500000238418579,0.9200000166893005,0.8600000143051147,99200.0,0.8600000143051147
2018-12-20,0.8600000143051147,0.7799999713897705,0.8600000143051147,0.800000011920929,199600.0,0.800000011920929
2018-12-21,0.8500000238418579,0.7300000190734863,0.8500000238418579,0.7900000214576721,163000.0,0.7900000214576721
2018-12-24,0.75,0.6800000071525574,0.7300000190734863,0.6899999976158142,129300.0,0.6899999976158142
2018-12-26,0.7799999713897705,0.6899999976158142,0.699999988079071,0.7599999904632568,205800.0,0.7599999904632568
2018-12-27,0.800000011920929,0.7400000095367432,0.7599999904632568,0.7699999809265137,100600.0,0.7699999809265137
2018-12-28,0.8899999856948853,0.7799999713897705,0.7799999713897705,0.7799999713897705,174400.0,0.7799999713897705
2018-12-31,0.8500000238418579,0.7900000214576721,0.8199999928474426,0.7900000214576721,171200.0,0.7900000214576721
2019-01-02,0.8299999833106995,0.7799999713897705,0.7799999713897705,0.800000011920929,104000.0,0.800000011920929
2019-01-03,0.8799999952316284,0.7799999713897705,0.800000011920929,0.8299999833106995,111300.0,0.8299999833106995
2019-01-04,0.8799999952316284,0.8399999737739563,0.8799999952316284,0.8500000238418579,74500.0,0.8500000238418579
2019-01-07,0.949999988079071,0.8500000238418579,0.8799999952316284,0.9100000262260437,131300.0,0.9100000262260437
2019-01-08,0.949999988079071,0.8999999761581421,0.949999988079071,0.9200000166893005,51700.0,0.9200000166893005
2019-01-09,0.9599999785423279,0.9300000071525574,0.9300000071525574,0.9399999976158142,44200.0,0.9399999976158142
2019-01-10,1.0499999523162842,0.9599999785423279,0.9700000286102295,0.9900000095367432,280300.0,0.9900000095367432
2019-01-11,1.0399999618530273,0.949999988079071,1.0,0.9700000286102295,111000.0,0.9700000286102295
2019-01-14,0.9800000190734863,0.9200000166893005,0.949999988079071,0.9200000166893005,65100.0,0.9200000166893005
2019-01-15,1.190000057220459,0.9700000286102295,1.149999976158142,1.059999942779541,2635100.0,1.059999942779541
2019-01-16,1.0399999618530273,0.9200000166893005,1.0299999713897705,0.9700000286102295,323200.0,0.9700000286102295
2019-01-17,1.0800000429153442,0.9900000095367432,1.0,1.0,192100.0,1.0
2019-01-18,1.059999942779541,1.0,1.0299999713897705,1.0499999523162842,224900.0,1.0499999523162842
2019-01-22,1.100000023841858,1.0,1.0499999523162842,1.0700000524520874,332300.0,1.0700000524520874
2019-01-23,1.0700000524520874,1.0,1.0700000524520874,1.0,151600.0,1.0
2019-01-24,1.0399999618530273,0.9800000190734863,1.0399999618530273,1.0,62000.0,1.0
2019-01-25,1.1399999856948853,1.0,1.0,1.1200000047683716,793600.0,1.1200000047683716
2019-01-28,1.1200000047683716,1.059999942779541,1.1200000047683716,1.0700000524520874,194300.0,1.0700000524520874
2019-01-29,1.1399999856948853,1.059999942779541,1.090000033378601,1.1399999856948853,379800.0,1.1399999856948853
2019-01-30,1.2300000190734863,1.100000023841858,1.1399999856948853,1.1799999475479126,720000.0,1.1799999475479126
2019-01-31,1.2300000190734863,1.1100000143051147,1.2000000476837158,1.1799999475479126,475400.0,1.1799999475479126
2019-02-01,1.2599999904632568,1.159999966621399,1.1799999475479126,1.2400000095367432,430100.0,1.2400000095367432
2019-02-04,1.440000057220459,1.25,1.2699999809265137,1.340000033378601,910700.0,1.340000033378601
2019-02-05,1.3899999856948853,1.25,1.3899999856948853,1.350000023841858,393400.0,1.350000023841858
2019-02-06,1.440000057220459,1.2599999904632568,1.3899999856948853,1.3200000524520874,582300.0,1.3200000524520874
2019-02-07,1.3799999952316284,1.0099999904632568,1.309999942779541,1.0700000524520874,1154000.0,1.0700000524520874
2019-02-08,1.1299999952316284,1.0,1.0499999523162842,1.0299999713897705,257100.0,1.0299999713897705
2019-02-11,1.0800000429153442,0.949999988079071,1.0399999618530273,1.0299999713897705,345700.0,1.0299999713897705
2019-02-12,1.0499999523162842,0.949999988079071,1.0499999523162842,1.0399999618530273,250000.0,1.0399999618530273
2019-02-13,1.1299999952316284,1.0199999809265137,1.0499999523162842,1.1200000047683716,298300.0,1.1200000047683716
2019-02-14,1.100000023841858,1.0,1.100000023841858,1.0399999618530273,165300.0,1.0399999618530273
2019-02-15,1.100000023841858,1.0199999809265137,1.059999942779541,1.0700000524520874,79800.0,1.0700000524520874
2019-02-19,1.1100000143051147,1.0499999523162842,1.0700000524520874,1.090000033378601,151100.0,1.090000033378601
2019-02-20,1.1200000047683716,1.0700000524520874,1.090000033378601,1.0800000429153442,99200.0,1.0800000429153442
2019-02-21,1.149999976158142,1.0800000429153442,1.090000033378601,1.100000023841858,183400.0,1.100000023841858
2019-02-22,1.2300000190734863,1.100000023841858,1.100000023841858,1.1699999570846558,289300.0,1.1699999570846558
2019-02-25,1.2400000095367432,1.1699999570846558,1.1699999570846558,1.2300000190734863,216300.0,1.2300000190734863
2019-02-26,1.25,1.1799999475479126,1.2200000286102295,1.2000000476837158,131900.0,1.2000000476837158
2019-02-27,1.2200000286102295,1.1299999952316284,1.2000000476837158,1.190000057220459,115600.0,1.190000057220459
2019-02-28,1.2200000286102295,1.1100000143051147,1.190000057220459,1.1699999570846558,60600.0,1.1699999570846558
2019-03-01,1.190000057220459,1.149999976158142,1.190000057220459,1.159999966621399,47200.0,1.159999966621399
2019-03-04,1.2300000190734863,1.0,1.1799999475479126,1.059999942779541,435100.0,1.059999942779541
2019-03-05,1.1299999952316284,1.0499999523162842,1.090000033378601,1.100000023841858,87700.0,1.100000023841858
2019-03-06,1.899999976158142,1.2999999523162842,1.600000023841858,1.4199999570846558,19423900.0,1.4199999570846558
2019-03-07,1.5499999523162842,1.2999999523162842,1.5299999713897705,1.399999976158142,2217700.0,1.399999976158142
2019-03-08,1.5800000429153442,1.399999976158142,1.5,1.409999966621399,1553800.0,1.409999966621399
2019-03-11,1.4600000381469727,1.2999999523162842,1.399999976158142,1.440000057220459,735700.0,1.440000057220459
2019-03-12,1.6299999952316284,1.3700000047683716,1.4199999570846558,1.590000033378601,1173100.0,1.590000033378601
2019-03-13,1.690000057220459,1.5499999523162842,1.5800000429153442,1.6399999856948853,1045900.0,1.6399999856948853
2019-03-14,1.690000057220459,1.559999942779541,1.6699999570846558,1.600000023841858,417300.0,1.600000023841858
2019-03-15,1.5800000429153442,1.409999966621399,1.5800000429153442,1.5099999904632568,426900.0,1.5099999904632568
2019-03-18,1.7699999809265137,1.5199999809265137,1.5399999618530273,1.7200000286102295,941600.0,1.7200000286102295
2019-03-19,2.5299999713897705,1.850000023841858,2.059999942779541,2.0399999618530273,10592800.0,2.0399999618530273
2019-03-20,2.180000066757202,1.7999999523162842,1.9500000476837158,2.0299999713897705,2600200.0,2.0299999713897705
2019-03-21,2.0799999237060547,1.8600000143051147,1.9800000190734863,1.899999976158142,681500.0,1.899999976158142
2019-03-22,1.9500000476837158,1.7300000190734863,1.8700000047683716,1.7899999618530273,738000.0,1.7899999618530273
2019-03-25,1.7999999523162842,1.5399999618530273,1.7999999523162842,1.600000023841858,695200.0,1.600000023841858
2019-03-26,1.6699999570846558,1.600000023841858,1.6200000047683716,1.6100000143051147,228100.0,1.6100000143051147
2019-03-27,1.7200000286102295,1.5499999523162842,1.6799999475479126,1.690000057220459,457200.0,1.690000057220459
2019-03-28,1.840000033378601,1.6299999952316284,1.6799999475479126,1.7300000190734863,389300.0,1.7300000190734863
2019-03-29,1.7400000095367432,1.649999976158142,1.7300000190734863,1.6699999570846558,372300.0,1.6699999570846558
2019-04-01,1.75,1.600000023841858,1.7000000476837158,1.6799999475479126,209100.0,1.6799999475479126
2019-04-02,1.7300000190734863,1.649999976158142,1.690000057220459,1.7200000286102295,254200.0,1.7200000286102295
2019-04-03,2.0,1.75,1.7699999809265137,1.8300000429153442,1076500.0,1.8300000429153442
2019-04-04,1.8799999952316284,1.7699999809265137,1.850000023841858,1.7999999523162842,262600.0,1.7999999523162842
2019-04-05,1.909999966621399,1.7799999713897705,1.7999999523162842,1.909999966621399,369200.0,1.909999966621399
2019-04-08,1.9500000476837158,1.8700000047683716,1.9299999475479126,1.940000057220459,300800.0,1.940000057220459
2019-04-09,1.9500000476837158,1.899999976158142,1.9500000476837158,1.9299999475479126,155000.0,1.9299999475479126
2019-04-10,1.9299999475479126,1.7599999904632568,1.9199999570846558,1.8600000143051147,390700.0,1.8600000143051147
2019-04-11,1.9900000095367432,1.7999999523162842,1.8700000047683716,1.9500000476837158,341500.0,1.9500000476837158
2019-04-12,2.049999952316284,1.9500000476837158,1.9600000381469727,2.0,327800.0,2.0
2019-04-15,2.0199999809265137,1.9199999570846558,1.9800000190734863,1.9800000190734863,209200.0,1.9800000190734863
2019-04-16,2.069999933242798,1.9700000286102295,1.9900000095367432,2.069999933242798,379500.0,2.069999933242798
2019-04-17,2.140000104904175,2.0,2.0799999237060547,2.0,415800.0,2.0
2019-04-18,2.049999952316284,1.7999999523162842,2.049999952316284,1.8300000429153442,457300.0,1.8300000429153442
2019-04-22,1.9199999570846558,1.7899999618530273,1.840000033378601,1.8700000047683716,257000.0,1.8700000047683716
2019-04-23,2.0,1.840000033378601,1.9900000095367432,1.909999966621399,555500.0,1.909999966621399
2019-04-24,2.049999952316284,1.9199999570846558,1.9600000381469727,1.9900000095367432,329600.0,1.9900000095367432
2019-04-25,2.0299999713897705,1.9299999475479126,2.0,1.9700000286102295,163100.0,1.9700000286102295
2019-04-26,2.009999990463257,1.899999976158142,1.9700000286102295,1.9800000190734863,128200.0,1.9800000190734863
2019-04-29,2.0,1.9299999475479126,2.0,1.940000057220459,255200.0,1.940000057220459
2019-04-30,2.0999999046325684,1.9299999475479126,1.940000057220459,2.049999952316284,433400.0,2.049999952316284
2019-05-01,2.0899999141693115,1.9800000190734863,2.0799999237060547,2.0299999713897705,169400.0,2.0299999713897705
2019-05-02,2.130000114440918,2.0299999713897705,2.0299999713897705,2.0899999141693115,224600.0,2.0899999141693115
2019-05-03,2.4700000286102295,2.109999895095825,2.109999895095825,2.240000009536743,771800.0,2.240000009536743
2019-05-06,2.369999885559082,2.0899999141693115,2.2100000381469727,2.319999933242798,463800.0,2.319999933242798
2019-05-07,2.4000000953674316,2.1700000762939453,2.390000104904175,2.2699999809265137,602700.0,2.2699999809265137
2019-05-08,2.3299999237060547,2.2300000190734863,2.2799999713897705,2.319999933242798,136700.0,2.319999933242798
2019-05-09,2.309999942779541,2.2200000286102295,2.259999990463257,2.2300000190734863,248300.0,2.2300000190734863
2019-05-10,2.3299999237060547,2.180000066757202,2.319999933242798,2.2100000381469727,224500.0,2.2100000381469727
2019-05-13,2.2799999713897705,2.109999895095825,2.1600000858306885,2.2300000190734863,191800.0,2.2300000190734863
2019-05-14,2.609999895095825,2.049999952316284,2.4000000953674316,2.1700000762939453,5769700.0,2.1700000762939453
2019-05-15,2.1700000762939453,1.9600000381469727,2.0999999046325684,2.0799999237060547,654100.0,2.0799999237060547
2019-05-16,2.069999933242798,1.909999966621399,2.059999942779541,1.9299999475479126,496700.0,1.9299999475479126
2019-05-17,1.9299999475479126,1.7899999618530273,1.9299999475479126,1.899999976158142,514700.0,1.899999976158142
2019-05-20,1.909999966621399,1.7699999809265137,1.899999976158142,1.7999999523162842,313100.0,1.7999999523162842
2019-05-21,1.9199999570846558,1.7999999523162842,1.840000033378601,1.909999966621399,233000.0,1.909999966621399
2019-05-22,2.0,1.8799999952316284,1.899999976158142,1.9900000095367432,179500.0,1.9900000095367432
2019-05-23,2.0,1.840000033378601,2.0,1.8700000047683716,233900.0,1.8700000047683716
2019-05-24,1.9700000286102295,1.850000023841858,1.899999976158142,1.8899999856948853,86200.0,1.8899999856948853
2019-05-28,1.8899999856948853,1.8200000524520874,1.8700000047683716,1.8300000429153442,106100.0,1.8300000429153442
2019-05-29,1.8200000524520874,1.75,1.809999942779541,1.7899999618530273,190500.0,1.7899999618530273
2019-05-30,1.850000023841858,1.649999976158142,1.7799999713897705,1.7100000381469727,248000.0,1.7100000381469727
2019-05-31,1.7200000286102295,1.5,1.6799999475479126,1.6100000143051147,266900.0,1.6100000143051147
2019-06-03,1.6299999952316284,1.5099999904632568,1.6299999952316284,1.5199999809265137,187100.0,1.5199999809265137
2019-06-04,1.7999999523162842,1.5499999523162842,1.590000033378601,1.75,229100.0,1.75
2019-06-05,1.7799999713897705,1.6200000047683716,1.7699999809265137,1.7100000381469727,153500.0,1.7100000381469727
2019-06-06,1.7200000286102295,1.600000023841858,1.7100000381469727,1.6200000047683716,126400.0,1.6200000047683716
2019-06-07,1.7300000190734863,1.600000023841858,1.6399999856948853,1.7000000476837158,83500.0,1.7000000476837158
2019-06-10,1.7799999713897705,1.659999966621399,1.7000000476837158,1.7000000476837158,77000.0,1.7000000476837158
2019-06-11,1.7799999713897705,1.7300000190734863,1.7300000190734863,1.7300000190734863,82700.0,1.7300000190734863
2019-06-12,1.8899999856948853,1.7400000095367432,1.7599999904632568,1.809999942779541,129400.0,1.809999942779541
2019-06-13,1.840000033378601,1.7300000190734863,1.7999999523162842,1.7599999904632568,84000.0,1.7599999904632568
2019-06-14,1.850000023841858,1.7000000476837158,1.7699999809265137,1.7400000095367432,42300.0,1.7400000095367432
2019-06-17,1.8300000429153442,1.7000000476837158,1.7000000476837158,1.809999942779541,76800.0,1.809999942779541
2019-06-18,1.9500000476837158,1.8300000429153442,1.850000023841858,1.899999976158142,139600.0,1.899999976158142
2019-06-19,1.899999976158142,1.809999942779541,1.899999976158142,1.8700000047683716,63400.0,1.8700000047683716
2019-06-20,1.9199999570846558,1.8200000524520874,1.850000023841858,1.8700000047683716,127800.0,1.8700000047683716
2019-06-21,1.8700000047683716,1.8200000524520874,1.8600000143051147,1.840000033378601,57400.0,1.840000033378601
2019-06-24,1.8799999952316284,1.809999942779541,1.840000033378601,1.809999942779541,60800.0,1.809999942779541
2019-06-25,1.8799999952316284,1.809999942779541,1.840000033378601,1.8300000429153442,39700.0,1.8300000429153442
2019-06-26,1.850000023841858,1.7100000381469727,1.809999942779541,1.7400000095367432,88600.0,1.7400000095367432
2019-06-27,1.850000023841858,1.7200000286102295,1.7400000095367432,1.809999942779541,54800.0,1.809999942779541
2019-06-28,1.9500000476837158,1.809999942779541,1.8200000524520874,1.8899999856948853,143600.0,1.8899999856948853
2019-07-01,1.9900000095367432,1.8899999856948853,1.8899999856948853,1.9199999570846558,124500.0,1.9199999570846558
2019-07-02,1.9700000286102295,1.809999942779541,1.9500000476837158,1.8700000047683716,85500.0,1.8700000047683716
2019-07-03,1.8799999952316284,1.8200000524520874,1.8600000143051147,1.840000033378601,20700.0,1.840000033378601
2019-07-05,1.9199999570846558,1.809999942779541,1.809999942779541,1.850000023841858,37900.0,1.850000023841858
2019-07-08,2.4000000953674316,1.850000023841858,2.0399999618530273,1.9500000476837158,3367600.0,1.9500000476837158
2019-07-09,1.9900000095367432,1.8600000143051147,1.9199999570846558,1.8899999856948853,261000.0,1.8899999856948853
2019-07-10,1.899999976158142,1.809999942779541,1.8700000047683716,1.809999942779541,254300.0,1.809999942779541
2019-07-11,1.850000023841858,1.75,1.7999999523162842,1.7799999713897705,168900.0,1.7799999713897705
2019-07-12,1.840000033378601,1.7100000381469727,1.840000033378601,1.7799999713897705,162100.0,1.7799999713897705
2019-07-15,1.809999942779541,1.75,1.7899999618530273,1.7699999809265137,49200.0,1.7699999809265137
2019-07-16,1.8300000429153442,1.7300000190734863,1.7699999809265137,1.8200000524520874,90500.0,1.8200000524520874
2019-07-17,1.8200000524520874,1.75,1.8200000524520874,1.7799999713897705,179800.0,1.7799999713897705
2019-07-18,1.7699999809265137,1.7100000381469727,1.7699999809265137,1.7200000286102295,119800.0,1.7200000286102295
2019-07-19,1.7400000095367432,1.6299999952316284,1.7200000286102295,1.7000000476837158,128300.0,1.7000000476837158
2019-07-22,1.7000000476837158,1.6399999856948853,1.690000057220459,1.690000057220459,135300.0,1.690000057220459
2019-07-23,1.75,1.649999976158142,1.690000057220459,1.7100000381469727,94300.0,1.7100000381469727
2019-07-24,1.7200000286102295,1.6799999475479126,1.7200000286102295,1.7100000381469727,86000.0,1.7100000381469727
2019-07-25,1.7200000286102295,1.659999966621399,1.7000000476837158,1.659999966621399,98800.0,1.659999966621399
2019-07-26,1.690000057220459,1.600000023841858,1.659999966621399,1.6299999952316284,105500.0,1.6299999952316284
2019-07-29,1.649999976158142,1.5299999713897705,1.6200000047683716,1.590000033378601,201200.0,1.590000033378601
